"Instante lectura","Irradiaci√≥n global diaria"
"2014-01-01 00:00:00.0","279.0"
"2014-01-02 00:00:00.0","269.0"
"2014-01-03 00:00:00.0","524.0"
"2014-01-04 00:00:00.0","491.0"
"2014-01-05 00:00:00.0","376.0"
"2014-01-06 00:00:00.0","528.0"
"2014-01-07 00:00:00.0","425.0"
"2014-01-08 00:00:00.0","478.0"
"2014-01-09 00:00:00.0","115.0"
"2014-01-10 00:00:00.0","312.0"
"2014-01-11 00:00:00.0","788.0"
"2014-01-12 00:00:00.0","302.0"
"2014-01-13 00:00:00.0","227.0"
"2014-01-14 00:00:00.0","266.0"
"2014-01-15 00:00:00.0","493.0"
"2014-01-16 00:00:00.0","485.0"
"2014-01-17 00:00:00.0","517.0"
"2014-01-18 00:00:00.0","483.0"
"2014-01-19 00:00:00.0","499.0"
"2014-01-20 00:00:00.0","484.0"
"2014-01-21 00:00:00.0","220.0"
"2014-01-22 00:00:00.0","401.0"
"2014-01-23 00:00:00.0","472.0"
"2014-01-24 00:00:00.0","195.0"
"2014-01-25 00:00:00.0","251.0"
"2014-01-26 00:00:00.0","288.0"
"2014-01-27 00:00:00.0","604.0"
"2014-01-28 00:00:00.0","490.0"
"2014-01-29 00:00:00.0","617.0"
"2014-01-30 00:00:00.0","234.0"
"2014-01-31 00:00:00.0","371.0"
"2014-02-01 00:00:00.0","778.0"
"2014-02-02 00:00:00.0","793.0"
"2014-02-03 00:00:00.0","619.0"
"2014-02-04 00:00:00.0","152.0"
"2014-02-05 00:00:00.0","769.0"
"2014-02-06 00:00:00.0","321.0"
"2014-02-07 00:00:00.0","406.0"
"2014-02-08 00:00:00.0","834.0"
"2014-02-09 00:00:00.0","294.0"
"2014-02-10 00:00:00.0","942.0"
"2014-02-11 00:00:00.0","459.0"
"2014-02-12 00:00:00.0","389.0"
"2014-02-13 00:00:00.0","413.0"
"2014-02-14 00:00:00.0","275.0"
"2014-02-15 00:00:00.0","667.0"
"2014-02-16 00:00:00.0","960.0"
"2014-02-17 00:00:00.0","1000.0"
"2014-02-18 00:00:00.0","635.0"
"2014-02-19 00:00:00.0","572.0"
"2014-02-20 00:00:00.0","598.0"
"2014-02-21 00:00:00.0","916.0"
"2014-02-22 00:00:00.0","889.0"
"2014-02-23 00:00:00.0","1140.0"
"2014-02-24 00:00:00.0","862.0"
"2014-02-25 00:00:00.0","986.0"
"2014-02-26 00:00:00.0","1080.0"
"2014-02-27 00:00:00.0","1076.0"
"2014-02-28 00:00:00.0","553.0"
"2014-03-01 00:00:00.0","139.0"
"2014-03-02 00:00:00.0","282.0"
"2014-03-03 00:00:00.0","872.0"
"2014-03-04 00:00:00.0","357.0"
"2014-03-05 00:00:00.0","526.0"
"2014-03-06 00:00:00.0","1730.0"
"2014-03-07 00:00:00.0","1653.0"
"2014-03-08 00:00:00.0","1689.0"
"2014-03-09 00:00:00.0","1293.0"
"2014-03-10 00:00:00.0","1745.0"
"2014-03-11 00:00:00.0","1806.0"
"2014-03-12 00:00:00.0","1711.0"
"2014-03-13 00:00:00.0","1809.0"
"2014-03-14 00:00:00.0","1517.0"
"2014-03-15 00:00:00.0","1852.0"
"2014-03-16 00:00:00.0","1872.0"
"2014-03-17 00:00:00.0","1661.0"
"2014-03-18 00:00:00.0","764.0"
"2014-03-19 00:00:00.0","1960.0"
"2014-03-20 00:00:00.0","1832.0"
"2014-03-21 00:00:00.0","832.0"
"2014-03-22 00:00:00.0","1345.0"
"2014-03-23 00:00:00.0","1185.0"
"2014-03-24 00:00:00.0","1075.0"
"2014-03-25 00:00:00.0","588.0"
"2014-03-26 00:00:00.0","1180.0"
"2014-03-27 00:00:00.0","1023.0"
"2014-03-28 00:00:00.0","1541.0"
"2014-03-29 00:00:00.0","1452.0"
"2014-03-30 00:00:00.0","870.0"
"2014-03-31 00:00:00.0","1035.0"
"2014-04-01 00:00:00.0","774.0"
"2014-04-02 00:00:00.0","1691.0"
"2014-04-03 00:00:00.0","1462.0"
"2014-04-04 00:00:00.0","810.0"
"2014-04-05 00:00:00.0","1132.0"
"2014-04-06 00:00:00.0","1226.0"
"2014-04-07 00:00:00.0","638.0"
"2014-04-08 00:00:00.0","1971.0"
"2014-04-09 00:00:00.0","2181.0"
"2014-04-10 00:00:00.0","1622.0"
"2014-04-11 00:00:00.0","2103.0"
"2014-04-12 00:00:00.0","1911.0"
"2014-04-13 00:00:00.0","2156.0"
"2014-04-14 00:00:00.0","1835.0"
"2014-04-15 00:00:00.0","1711.0"
"2014-04-16 00:00:00.0","2273.0"
"2014-04-17 00:00:00.0","2054.0"
"2014-04-18 00:00:00.0","1810.0"
"2014-04-19 00:00:00.0","640.0"
"2014-04-20 00:00:00.0","888.0"
"2014-04-21 00:00:00.0","684.0"
"2014-04-22 00:00:00.0","1221.0"
"2014-04-23 00:00:00.0","2027.0"
"2014-04-24 00:00:00.0","941.0"
"2014-04-25 00:00:00.0","926.0"
"2014-04-26 00:00:00.0","2206.0"
"2014-04-27 00:00:00.0","921.0"
"2014-04-28 00:00:00.0","1127.0"
"2014-04-29 00:00:00.0","731.0"
"2014-04-30 00:00:00.0","1156.0"
"2014-05-01 00:00:00.0","1303.0"
"2014-05-02 00:00:00.0","2625.0"
"2014-05-03 00:00:00.0","2791.0"
"2014-05-04 00:00:00.0","2602.0"
"2014-05-05 00:00:00.0","1776.0"
"2014-05-06 00:00:00.0","672.0"
"2014-05-07 00:00:00.0","1672.0"
"2014-05-08 00:00:00.0","2030.0"
"2014-05-09 00:00:00.0","1970.0"
"2014-05-10 00:00:00.0","623.0"
"2014-05-11 00:00:00.0","2378.0"
"2014-05-12 00:00:00.0","2138.0"
"2014-05-13 00:00:00.0","2501.0"
"2014-05-14 00:00:00.0","2678.0"
"2014-05-15 00:00:00.0","2703.0"
"2014-05-16 00:00:00.0","2687.0"
"2014-05-17 00:00:00.0","2797.0"
"2014-05-18 00:00:00.0","2575.0"
"2014-05-19 00:00:00.0","964.0"
"2014-05-20 00:00:00.0","1258.0"
"2014-05-21 00:00:00.0","1454.0"
"2014-05-22 00:00:00.0","1282.0"
"2014-05-23 00:00:00.0","1569.0"
"2014-05-24 00:00:00.0","1507.0"
"2014-05-25 00:00:00.0","2124.0"
"2014-05-26 00:00:00.0","879.0"
"2014-05-27 00:00:00.0","1328.0"
"2014-05-28 00:00:00.0","1419.0"
"2014-05-29 00:00:00.0","719.0"
"2014-05-30 00:00:00.0","-9999.0"
"2014-05-31 00:00:00.0","2461.0"
"2014-06-01 00:00:00.0","3006.0"
"2014-06-02 00:00:00.0","2578.0"
"2014-06-03 00:00:00.0","2124.0"
"2014-06-04 00:00:00.0","2188.0"
"2014-06-05 00:00:00.0","1320.0"
"2014-06-06 00:00:00.0","1220.0"
"2014-06-07 00:00:00.0","2256.0"
"2014-06-08 00:00:00.0","1743.0"
"2014-06-09 00:00:00.0","1619.0"
"2014-06-10 00:00:00.0","2795.0"
"2014-06-11 00:00:00.0","3014.0"
"2014-06-12 00:00:00.0","3039.0"
"2014-06-13 00:00:00.0","2991.0"
"2014-06-14 00:00:00.0","2824.0"
"2014-06-15 00:00:00.0","2924.0"
"2014-06-16 00:00:00.0","3019.0"
"2014-06-17 00:00:00.0","3007.0"
"2014-06-18 00:00:00.0","2905.0"
"2014-06-19 00:00:00.0","2456.0"
"2014-06-20 00:00:00.0","2126.0"
"2014-06-21 00:00:00.0","1781.0"
"2014-06-22 00:00:00.0","2508.0"
"2014-06-23 00:00:00.0","1752.0"
"2014-06-24 00:00:00.0","934.0"
"2014-06-25 00:00:00.0","997.0"
"2014-06-26 00:00:00.0","1986.0"
"2014-06-27 00:00:00.0","2076.0"
"2014-06-28 00:00:00.0","1827.0"
"2014-06-29 00:00:00.0","935.0"
"2014-06-30 00:00:00.0","1432.0"
"2014-07-01 00:00:00.0","1042.0"
"2014-07-02 00:00:00.0","2133.0"
"2014-07-03 00:00:00.0","2875.0"
"2014-07-04 00:00:00.0","1998.0"
"2014-07-05 00:00:00.0","1401.0"
"2014-07-06 00:00:00.0","2414.0"
"2014-07-07 00:00:00.0","2122.0"
"2014-07-08 00:00:00.0","1471.0"
"2014-07-09 00:00:00.0","2879.0"
"2014-07-10 00:00:00.0","3019.0"
"2014-07-11 00:00:00.0","2494.0"
"2014-07-12 00:00:00.0","2783.0"
"2014-07-13 00:00:00.0","1342.0"
"2014-07-14 00:00:00.0","2591.0"
"2014-07-15 00:00:00.0","2712.0"
"2014-07-16 00:00:00.0","2820.0"
"2014-07-17 00:00:00.0","1536.0"
"2014-07-18 00:00:00.0","1389.0"
"2014-07-19 00:00:00.0","1240.0"
"2014-07-20 00:00:00.0","2228.0"
"2014-07-21 00:00:00.0","2855.0"
"2014-07-22 00:00:00.0","2827.0"
"2014-07-23 00:00:00.0","2656.0"
"2014-07-24 00:00:00.0","2003.0"
"2014-07-25 00:00:00.0","-9999.0"
"2014-07-26 00:00:00.0","2372.0"
"2014-07-27 00:00:00.0","2731.0"
"2014-07-28 00:00:00.0","2261.0"
"2014-07-29 00:00:00.0","2577.0"
"2014-07-30 00:00:00.0","2781.0"
"2014-07-31 00:00:00.0","2571.0"
"2014-08-01 00:00:00.0","1226.0"
"2014-08-02 00:00:00.0","1226.0"
"2014-08-03 00:00:00.0","1627.0"
"2014-08-04 00:00:00.0","2595.0"
"2014-08-05 00:00:00.0","1955.0"
"2014-08-06 00:00:00.0","1466.0"
"2014-08-07 00:00:00.0","1167.0"
"2014-08-08 00:00:00.0","832.0"
"2014-08-09 00:00:00.0","1848.0"
"2014-08-10 00:00:00.0","795.0"
"2014-08-11 00:00:00.0","2370.0"
"2014-08-12 00:00:00.0","1233.0"
"2014-08-13 00:00:00.0","2162.0"
"2014-08-14 00:00:00.0","1570.0"
"2014-08-15 00:00:00.0","2184.0"
"2014-08-16 00:00:00.0","2576.0"
"2014-08-17 00:00:00.0","2579.0"
"2014-08-18 00:00:00.0","2324.0"
"2014-08-19 00:00:00.0","1951.0"
"2014-08-20 00:00:00.0","2201.0"
"2014-08-21 00:00:00.0","2383.0"
"2014-08-22 00:00:00.0","2141.0"
"2014-08-23 00:00:00.0","2341.0"
"2014-08-24 00:00:00.0","2272.0"
"2014-08-25 00:00:00.0","1469.0"
"2014-08-26 00:00:00.0","671.0"
"2014-08-27 00:00:00.0","1530.0"
"2014-08-28 00:00:00.0","1147.0"
"2014-08-29 00:00:00.0","2235.0"
"2014-08-30 00:00:00.0","2325.0"
"2014-08-31 00:00:00.0","2326.0"
"2014-09-01 00:00:00.0","2246.0"
"2014-09-02 00:00:00.0","2159.0"
"2014-09-03 00:00:00.0","775.0"
"2014-09-04 00:00:00.0","602.0"
"2014-09-05 00:00:00.0","1917.0"
"2014-09-06 00:00:00.0","1579.0"
"2014-09-07 00:00:00.0","524.0"
"2014-09-08 00:00:00.0","1634.0"
"2014-09-09 00:00:00.0","1899.0"
"2014-09-10 00:00:00.0","1729.0"
"2014-09-11 00:00:00.0","1700.0"
"2014-09-12 00:00:00.0","1062.0"
"2014-09-13 00:00:00.0","1373.0"
"2014-09-14 00:00:00.0","-9999.0"
"2014-09-15 00:00:00.0","1133.0"
"2014-09-16 00:00:00.0","1379.0"
"2014-09-17 00:00:00.0","1130.0"
"2014-09-18 00:00:00.0","1048.0"
"2014-09-19 00:00:00.0","620.0"
"2014-09-20 00:00:00.0","705.0"
"2014-09-21 00:00:00.0","1660.0"
"2014-09-22 00:00:00.0","978.0"
"2014-09-23 00:00:00.0","549.0"
"2014-09-24 00:00:00.0","1687.0"
"2014-09-25 00:00:00.0","1845.0"
"2014-09-26 00:00:00.0","1845.0"
"2014-09-27 00:00:00.0","1633.0"
"2014-09-28 00:00:00.0","1395.0"
"2014-09-29 00:00:00.0","1593.0"
"2014-09-30 00:00:00.0","-9999.0"
"2014-10-01 00:00:00.0","1641.0"
"2014-10-02 00:00:00.0","1664.0"
"2014-10-03 00:00:00.0","1599.0"
"2014-10-04 00:00:00.0","437.0"
"2014-10-05 00:00:00.0","1606.0"
"2014-10-06 00:00:00.0","438.0"
"2014-10-07 00:00:00.0","651.0"
"2014-10-08 00:00:00.0","353.0"
"2014-10-09 00:00:00.0","578.0"
"2014-10-10 00:00:00.0","1131.0"
"2014-10-11 00:00:00.0","792.0"
"2014-10-12 00:00:00.0","701.0"
"2014-10-13 00:00:00.0","445.0"
"2014-10-14 00:00:00.0","1356.0"
"2014-10-15 00:00:00.0","571.0"
"2014-10-16 00:00:00.0","227.0"
"2014-10-17 00:00:00.0","1074.0"
"2014-10-18 00:00:00.0","1361.0"
"2014-10-19 00:00:00.0","846.0"
"2014-10-20 00:00:00.0","1184.0"
"2014-10-21 00:00:00.0","808.0"
"2014-10-22 00:00:00.0","1283.0"
"2014-10-23 00:00:00.0","1063.0"
"2014-10-24 00:00:00.0","659.0"
"2014-10-25 00:00:00.0","1086.0"
"2014-10-26 00:00:00.0","1243.0"
"2014-10-27 00:00:00.0","1218.0"
"2014-10-28 00:00:00.0","1004.0"
"2014-10-29 00:00:00.0","774.0"
"2014-10-30 00:00:00.0","1092.0"
"2014-10-31 00:00:00.0","568.0"
"2014-11-01 00:00:00.0","910.0"
"2014-11-02 00:00:00.0","411.0"
"2014-11-03 00:00:00.0","95.0"
"2014-11-04 00:00:00.0","465.0"
"2014-11-05 00:00:00.0","638.0"
"2014-11-06 00:00:00.0","734.0"
"2014-11-07 00:00:00.0","684.0"
"2014-11-08 00:00:00.0","195.0"
"2014-11-09 00:00:00.0","525.0"
"2014-11-10 00:00:00.0","658.0"
"2014-11-11 00:00:00.0","786.0"
"2014-11-12 00:00:00.0","742.0"
"2014-11-13 00:00:00.0","853.0"
"2014-11-14 00:00:00.0","450.0"
"2014-11-15 00:00:00.0","711.0"
"2014-11-16 00:00:00.0","338.0"
"2014-11-17 00:00:00.0","336.0"
"2014-11-18 00:00:00.0","245.0"
"2014-11-19 00:00:00.0","314.0"
"2014-11-20 00:00:00.0","454.0"
"2014-11-21 00:00:00.0","820.0"
"2014-11-22 00:00:00.0","84.0"
"2014-11-23 00:00:00.0","135.0"
"2014-11-24 00:00:00.0","359.0"
"2014-11-25 00:00:00.0","302.0"
"2014-11-26 00:00:00.0","640.0"
"2014-11-27 00:00:00.0","618.0"
"2014-11-28 00:00:00.0","210.0"
"2014-11-29 00:00:00.0","489.0"
"2014-11-30 00:00:00.0","581.0"
"2014-12-01 00:00:00.0","240.0"
"2014-12-02 00:00:00.0","301.0"
"2014-12-03 00:00:00.0","442.0"
"2014-12-04 00:00:00.0","320.0"
"2014-12-05 00:00:00.0","613.0"
"2014-12-06 00:00:00.0","706.0"
"2014-12-07 00:00:00.0","373.0"
"2014-12-08 00:00:00.0","321.0"
"2014-12-09 00:00:00.0","428.0"
"2014-12-10 00:00:00.0","241.0"
"2014-12-11 00:00:00.0","472.0"
"2014-12-12 00:00:00.0","302.0"
"2014-12-13 00:00:00.0","140.0"
"2014-12-14 00:00:00.0","250.0"
"2014-12-15 00:00:00.0","260.0"
"2014-12-16 00:00:00.0","249.0"
"2014-12-17 00:00:00.0","221.0"
"2014-12-18 00:00:00.0","336.0"
"2014-12-19 00:00:00.0","341.0"
"2014-12-20 00:00:00.0","240.0"
"2014-12-21 00:00:00.0","758.0"
"2014-12-22 00:00:00.0","798.0"
"2014-12-23 00:00:00.0","204.0"
"2014-12-24 00:00:00.0","339.0"
"2014-12-25 00:00:00.0","454.0"
"2014-12-26 00:00:00.0","298.0"
"2014-12-27 00:00:00.0","355.0"
"2014-12-28 00:00:00.0","497.0"
"2014-12-29 00:00:00.0","836.0"
"2014-12-30 00:00:00.0","869.0"
"2014-12-31 00:00:00.0","633.0"
"2015-01-01 00:00:00.0","834.0"
"2015-01-02 00:00:00.0","708.0"
"2015-01-03 00:00:00.0","270.0"
"2015-01-04 00:00:00.0","585.0"
"2015-01-05 00:00:00.0","361.0"
"2015-01-06 00:00:00.0","743.0"
"2015-01-07 00:00:00.0","698.0"
"2015-01-08 00:00:00.0","577.0"
"2015-01-09 00:00:00.0","792.0"
"2015-01-10 00:00:00.0","570.0"
"2015-01-11 00:00:00.0","819.0"
"2015-01-12 00:00:00.0","695.0"
"2015-01-13 00:00:00.0","316.0"
"2015-01-14 00:00:00.0","459.0"
"2015-01-15 00:00:00.0","117.0"
"2015-01-16 00:00:00.0","520.0"
"2015-01-17 00:00:00.0","386.0"
"2015-01-18 00:00:00.0","162.0"
"2015-01-19 00:00:00.0","564.0"
"2015-01-20 00:00:00.0","341.0"
"2015-01-21 00:00:00.0","440.0"
"2015-01-22 00:00:00.0","249.0"
"2015-01-23 00:00:00.0","609.0"
"2015-01-24 00:00:00.0","375.0"
"2015-01-25 00:00:00.0","821.0"
"2015-01-26 00:00:00.0","683.0"
"2015-01-27 00:00:00.0","512.0"
"2015-01-28 00:00:00.0","245.0"
"2015-01-29 00:00:00.0","96.0"
"2015-01-30 00:00:00.0","86.0"
"2015-01-31 00:00:00.0","511.0"
"2015-02-01 00:00:00.0","678.0"
"2015-02-02 00:00:00.0","504.0"
"2015-02-03 00:00:00.0","471.0"
"2015-02-04 00:00:00.0","607.0"
"2015-02-05 00:00:00.0","745.0"
"2015-02-06 00:00:00.0","608.0"
"2015-02-07 00:00:00.0","310.0"
"2015-02-08 00:00:00.0","1187.0"
"2015-02-09 00:00:00.0","1272.0"
"2015-02-10 00:00:00.0","1272.0"
"2015-02-11 00:00:00.0","1071.0"
"2015-02-12 00:00:00.0","369.0"
"2015-02-13 00:00:00.0","370.0"
"2015-02-14 00:00:00.0","371.0"
"2015-02-15 00:00:00.0","473.0"
"2015-02-16 00:00:00.0","436.0"
"2015-02-17 00:00:00.0","1180.0"
"2015-02-18 00:00:00.0","1332.0"
"2015-02-19 00:00:00.0","527.0"
"2015-02-20 00:00:00.0","229.0"
"2015-02-21 00:00:00.0","1019.0"
"2015-02-22 00:00:00.0","320.0"
"2015-02-23 00:00:00.0","817.0"
"2015-02-24 00:00:00.0","843.0"
"2015-02-25 00:00:00.0","466.0"
"2015-02-26 00:00:00.0","273.0"
"2015-02-27 00:00:00.0","1111.0"
"2015-02-28 00:00:00.0","470.0"
"2015-03-01 00:00:00.0","363.0"
"2015-03-02 00:00:00.0","349.0"
"2015-03-03 00:00:00.0","342.0"
"2015-03-04 00:00:00.0","1501.0"
"2015-03-05 00:00:00.0","1752.0"
"2015-03-06 00:00:00.0","1765.0"
"2015-03-07 00:00:00.0","1739.0"
"2015-03-08 00:00:00.0","1595.0"
"2015-03-09 00:00:00.0","1755.0"
"2015-03-10 00:00:00.0","1505.0"
"2015-03-11 00:00:00.0","831.0"
"2015-03-12 00:00:00.0","446.0"
"2015-03-13 00:00:00.0","1870.0"
"2015-03-14 00:00:00.0","1833.0"
"2015-03-15 00:00:00.0","853.0"
"2015-03-16 00:00:00.0","1845.0"
"2015-03-17 00:00:00.0","1211.0"
"2015-03-18 00:00:00.0","1578.0"
"2015-03-19 00:00:00.0","1018.0"
"2015-03-20 00:00:00.0","1072.0"
"2015-03-21 00:00:00.0","1260.0"
"2015-03-22 00:00:00.0","1321.0"
"2015-03-23 00:00:00.0","1295.0"
"2015-03-24 00:00:00.0","1252.0"
"2015-03-25 00:00:00.0","1459.0"
"2015-03-26 00:00:00.0","358.0"
"2015-03-27 00:00:00.0","710.0"
"2015-03-28 00:00:00.0","1037.0"
"2015-03-29 00:00:00.0","1335.0"
"2015-03-30 00:00:00.0","1689.0"
"2015-03-31 00:00:00.0","858.0"
"2015-04-01 00:00:00.0","2234.0"
"2015-04-02 00:00:00.0","2120.0"
"2015-04-03 00:00:00.0","2192.0"
"2015-04-04 00:00:00.0","2272.0"
"2015-04-05 00:00:00.0","2338.0"
"2015-04-06 00:00:00.0","2293.0"
"2015-04-07 00:00:00.0","2349.0"
"2015-04-08 00:00:00.0","2261.0"
"2015-04-09 00:00:00.0","1014.0"
"2015-04-10 00:00:00.0","627.0"
"2015-04-11 00:00:00.0","2003.0"
"2015-04-12 00:00:00.0","2267.0"
"2015-04-13 00:00:00.0","2336.0"
"2015-04-14 00:00:00.0","1601.0"
"2015-04-15 00:00:00.0","411.0"
"2015-04-16 00:00:00.0","326.0"
"2015-04-17 00:00:00.0","841.0"
"2015-04-18 00:00:00.0","1650.0"
"2015-04-19 00:00:00.0","1013.0"
"2015-04-20 00:00:00.0","2530.0"
"2015-04-21 00:00:00.0","1745.0"
"2015-04-22 00:00:00.0","928.0"
"2015-04-23 00:00:00.0","2275.0"
"2015-04-24 00:00:00.0","779.0"
"2015-04-25 00:00:00.0","744.0"
"2015-04-26 00:00:00.0","1438.0"
"2015-04-27 00:00:00.0","1536.0"
"2015-04-28 00:00:00.0","2141.0"
"2015-04-29 00:00:00.0","1594.0"
"2015-04-30 00:00:00.0","694.0"
"2015-05-01 00:00:00.0","1208.0"
"2015-05-02 00:00:00.0","1013.0"
"2015-05-03 00:00:00.0","2134.0"
"2015-05-04 00:00:00.0","1426.0"
"2015-05-05 00:00:00.0","-9999.0"
"2015-05-06 00:00:00.0","2182.0"
"2015-05-07 00:00:00.0","1729.0"
"2015-05-08 00:00:00.0","1367.0"
"2015-05-09 00:00:00.0","2525.0"
"2015-05-10 00:00:00.0","1679.0"
"2015-05-11 00:00:00.0","2776.0"
"2015-05-12 00:00:00.0","2280.0"
"2015-05-13 00:00:00.0","2356.0"
"2015-05-14 00:00:00.0","2352.0"
"2015-05-15 00:00:00.0","2309.0"
"2015-05-16 00:00:00.0","2358.0"
"2015-05-17 00:00:00.0","2907.0"
"2015-05-18 00:00:00.0","1873.0"
"2015-05-19 00:00:00.0","1391.0"
"2015-05-20 00:00:00.0","1289.0"
"2015-05-21 00:00:00.0","2911.0"
"2015-05-22 00:00:00.0","2593.0"
"2015-05-23 00:00:00.0","3032.0"
"2015-05-24 00:00:00.0","2476.0"
"2015-05-25 00:00:00.0","2995.0"
"2015-05-26 00:00:00.0","3023.0"
"2015-05-27 00:00:00.0","3024.0"
"2015-05-28 00:00:00.0","3018.0"
"2015-05-29 00:00:00.0","2983.0"
"2015-05-30 00:00:00.0","2100.0"
"2015-05-31 00:00:00.0","529.0"
"2015-06-01 00:00:00.0","2327.0"
"2015-06-02 00:00:00.0","2856.0"
"2015-06-03 00:00:00.0","2431.0"
"2015-06-04 00:00:00.0","2825.0"
"2015-06-05 00:00:00.0","2214.0"
"2015-06-06 00:00:00.0","2262.0"
"2015-06-07 00:00:00.0","2760.0"
"2015-06-08 00:00:00.0","2390.0"
"2015-06-09 00:00:00.0","1843.0"
"2015-06-10 00:00:00.0","2529.0"
"2015-06-11 00:00:00.0","1382.0"
"2015-06-12 00:00:00.0","1726.0"
"2015-06-13 00:00:00.0","1469.0"
"2015-06-14 00:00:00.0","2004.0"
"2015-06-15 00:00:00.0","2392.0"
"2015-06-16 00:00:00.0","2964.0"
"2015-06-17 00:00:00.0","3055.0"
"2015-06-18 00:00:00.0","3055.0"
"2015-06-19 00:00:00.0","3065.0"
"2015-06-20 00:00:00.0","3074.0"
"2015-06-21 00:00:00.0","2977.0"
"2015-06-22 00:00:00.0","2613.0"
"2015-06-23 00:00:00.0","661.0"
"2015-06-24 00:00:00.0","1877.0"
"2015-06-25 00:00:00.0","2832.0"
"2015-06-26 00:00:00.0","2909.0"
"2015-06-27 00:00:00.0","2621.0"
"2015-06-28 00:00:00.0","1557.0"
"2015-06-29 00:00:00.0","2873.0"
"2015-06-30 00:00:00.0","2656.0"
"2015-07-01 00:00:00.0","1527.0"
"2015-07-02 00:00:00.0","-9999.0"
"2015-07-03 00:00:00.0","-9999.0"
"2015-07-04 00:00:00.0","-9999.0"
"2015-07-05 00:00:00.0","-9999.0"
"2015-07-06 00:00:00.0","-9999.0"
"2015-07-07 00:00:00.0","-9999.0"
"2015-07-08 00:00:00.0","-9999.0"
"2015-07-09 00:00:00.0","-9999.0"
"2015-07-10 00:00:00.0","1883.0"
"2015-07-11 00:00:00.0","1471.0"
"2015-07-12 00:00:00.0","2803.0"
"2015-07-13 00:00:00.0","2842.0"
"2015-07-14 00:00:00.0","2908.0"
"2015-07-15 00:00:00.0","2802.0"
"2015-07-16 00:00:00.0","2539.0"
"2015-07-17 00:00:00.0","2442.0"
"2015-07-18 00:00:00.0","1767.0"
"2015-07-19 00:00:00.0","1697.0"
"2015-07-20 00:00:00.0","1245.0"
"2015-07-21 00:00:00.0","1419.0"
"2015-07-22 00:00:00.0","2607.0"
"2015-07-23 00:00:00.0","2839.0"
"2015-07-24 00:00:00.0","1070.0"
"2015-07-25 00:00:00.0","2777.0"
"2015-07-26 00:00:00.0","1354.0"
"2015-07-27 00:00:00.0","2334.0"
"2015-07-28 00:00:00.0","1138.0"
"2015-07-29 00:00:00.0","977.0"
"2015-07-30 00:00:00.0","1143.0"
"2015-07-31 00:00:00.0","1075.0"
"2015-08-01 00:00:00.0","2748.0"
"2015-08-02 00:00:00.0","2794.0"
"2015-08-03 00:00:00.0","852.0"
"2015-08-04 00:00:00.0","2842.0"
"2015-08-05 00:00:00.0","1941.0"
"2015-08-06 00:00:00.0","1834.0"
"2015-08-07 00:00:00.0","2117.0"
"2015-08-08 00:00:00.0","2130.0"
"2015-08-09 00:00:00.0","2719.0"
"2015-08-10 00:00:00.0","1818.0"
"2015-08-11 00:00:00.0","1438.0"
"2015-08-12 00:00:00.0","2077.0"
"2015-08-13 00:00:00.0","363.0"
"2015-08-14 00:00:00.0","665.0"
"2015-08-15 00:00:00.0","1357.0"
"2015-08-16 00:00:00.0","791.0"
"2015-08-17 00:00:00.0","1938.0"
"2015-08-18 00:00:00.0","1889.0"
"2015-08-19 00:00:00.0","2498.0"
"2015-08-20 00:00:00.0","2415.0"
"2015-08-21 00:00:00.0","2039.0"
"2015-08-22 00:00:00.0","792.0"
"2015-08-23 00:00:00.0","1455.0"
"2015-08-24 00:00:00.0","1812.0"
"2015-08-25 00:00:00.0","1431.0"
"2015-08-26 00:00:00.0","915.0"
"2015-08-27 00:00:00.0","1332.0"
"2015-08-28 00:00:00.0","1337.0"
"2015-08-29 00:00:00.0","1939.0"
"2015-08-30 00:00:00.0","2087.0"
"2015-08-31 00:00:00.0","393.0"
"2015-09-01 00:00:00.0","937.0"
"2015-09-02 00:00:00.0","704.0"
"2015-09-03 00:00:00.0","1028.0"
"2015-09-04 00:00:00.0","1102.0"
"2015-09-05 00:00:00.0","2318.0"
"2015-09-06 00:00:00.0","2259.0"
"2015-09-07 00:00:00.0","2214.0"
"2015-09-08 00:00:00.0","1915.0"
"2015-09-09 00:00:00.0","1175.0"
"2015-09-10 00:00:00.0","1633.0"
"2015-09-11 00:00:00.0","1179.0"
"2015-09-12 00:00:00.0","602.0"
"2015-09-13 00:00:00.0","1137.0"
"2015-09-14 00:00:00.0","1171.0"
"2015-09-15 00:00:00.0","558.0"
"2015-09-16 00:00:00.0","1512.0"
"2015-09-17 00:00:00.0","1003.0"
"2015-09-18 00:00:00.0","971.0"
"2015-09-19 00:00:00.0","2065.0"
"2015-09-20 00:00:00.0","2021.0"
"2015-09-21 00:00:00.0","1158.0"
"2015-09-22 00:00:00.0","624.0"
"2015-09-23 00:00:00.0","959.0"
"2015-09-24 00:00:00.0","1625.0"
"2015-09-25 00:00:00.0","1660.0"
"2015-09-26 00:00:00.0","1786.0"
"2015-09-27 00:00:00.0","1804.0"
"2015-09-28 00:00:00.0","1782.0"
"2015-09-29 00:00:00.0","1693.0"
"2015-09-30 00:00:00.0","1571.0"
"2015-10-01 00:00:00.0","1738.0"
"2015-10-02 00:00:00.0","1220.0"
"2015-10-03 00:00:00.0","870.0"
"2015-10-04 00:00:00.0","1203.0"
"2015-10-05 00:00:00.0","707.0"
"2015-10-06 00:00:00.0","629.0"
"2015-10-07 00:00:00.0","930.0"
"2015-10-08 00:00:00.0","1560.0"
"2015-10-09 00:00:00.0","1396.0"
"2015-10-10 00:00:00.0","700.0"
"2015-10-11 00:00:00.0","583.0"
"2015-10-12 00:00:00.0","724.0"
"2015-10-13 00:00:00.0","1497.0"
"2015-10-14 00:00:00.0","1569.0"
"2015-10-15 00:00:00.0","1494.0"
"2015-10-16 00:00:00.0","1037.0"
"2015-10-17 00:00:00.0","814.0"
"2015-10-18 00:00:00.0","478.0"
"2015-10-19 00:00:00.0","217.0"
"2015-10-20 00:00:00.0","1331.0"
"2015-10-21 00:00:00.0","1387.0"
"2015-10-22 00:00:00.0","1389.0"
"2015-10-23 00:00:00.0","1148.0"
"2015-10-24 00:00:00.0","380.0"
"2015-10-25 00:00:00.0","1077.0"
"2015-10-26 00:00:00.0","471.0"
"2015-10-27 00:00:00.0","644.0"
"2015-10-28 00:00:00.0","485.0"
"2015-10-29 00:00:00.0","730.0"
"2015-10-30 00:00:00.0","853.0"
"2015-10-31 00:00:00.0","820.0"
"2015-11-01 00:00:00.0","1205.0"
"2015-11-02 00:00:00.0","898.0"
"2015-11-03 00:00:00.0","325.0"
"2015-11-04 00:00:00.0","570.0"
"2015-11-05 00:00:00.0","560.0"
"2015-11-06 00:00:00.0","436.0"
"2015-11-07 00:00:00.0","1043.0"
"2015-11-08 00:00:00.0","913.0"
"2015-11-09 00:00:00.0","761.0"
"2015-11-10 00:00:00.0","643.0"
"2015-11-11 00:00:00.0","941.0"
"2015-11-12 00:00:00.0","892.0"
"2015-11-13 00:00:00.0","672.0"
"2015-11-14 00:00:00.0","1046.0"
"2015-11-15 00:00:00.0","987.0"
"2015-11-16 00:00:00.0","641.0"
"2015-11-17 00:00:00.0","271.0"
"2015-11-18 00:00:00.0","542.0"
"2015-11-19 00:00:00.0","440.0"
"2015-11-20 00:00:00.0","636.0"
"2015-11-21 00:00:00.0","572.0"
"2015-11-22 00:00:00.0","463.0"
"2015-11-23 00:00:00.0","878.0"
"2015-11-24 00:00:00.0","155.0"
"2015-11-25 00:00:00.0","449.0"
"2015-11-26 00:00:00.0","203.0"
"2015-11-27 00:00:00.0","320.0"
"2015-11-28 00:00:00.0","741.0"
"2015-11-29 00:00:00.0","900.0"
"2015-11-30 00:00:00.0","877.0"
"2015-12-01 00:00:00.0","889.0"
"2015-12-02 00:00:00.0","590.0"
"2015-12-03 00:00:00.0","327.0"
"2015-12-04 00:00:00.0","529.0"
"2015-12-05 00:00:00.0","711.0"
"2015-12-06 00:00:00.0","646.0"
"2015-12-07 00:00:00.0","224.0"
"2015-12-08 00:00:00.0","-9999.0"
"2015-12-09 00:00:00.0","-9999.0"
"2015-12-10 00:00:00.0","-9999.0"
"2015-12-11 00:00:00.0","-9999.0"
"2015-12-12 00:00:00.0","-9999.0"
"2015-12-13 00:00:00.0","-9999.0"
"2015-12-14 00:00:00.0","-9999.0"
"2015-12-15 00:00:00.0","-9999.0"
"2015-12-16 00:00:00.0","217.0"
"2015-12-17 00:00:00.0","500.0"
"2015-12-18 00:00:00.0","189.0"
"2015-12-19 00:00:00.0","616.0"
"2015-12-20 00:00:00.0","553.0"
"2015-12-21 00:00:00.0","707.0"
"2015-12-22 00:00:00.0","658.0"
"2015-12-23 00:00:00.0","309.0"
"2015-12-24 00:00:00.0","699.0"
"2015-12-25 00:00:00.0","289.0"
"2015-12-26 00:00:00.0","401.0"
"2015-12-27 00:00:00.0","609.0"
"2015-12-28 00:00:00.0","178.0"
"2015-12-29 00:00:00.0","357.0"
"2015-12-30 00:00:00.0","149.0"
"2015-12-31 00:00:00.0","440.0"
"2016-01-01 00:00:00.0","396.0"
"2016-01-02 00:00:00.0","614.0"
"2016-01-03 00:00:00.0","-9999.0"
"2016-01-04 00:00:00.0","-9999.0"
"2016-01-05 00:00:00.0","-9999.0"
"2016-01-06 00:00:00.0","-9999.0"
"2016-01-07 00:00:00.0","-9999.0"
"2016-01-08 00:00:00.0","163.0"
"2016-01-09 00:00:00.0","222.0"
"2016-01-10 00:00:00.0","152.0"
"2016-01-11 00:00:00.0","721.0"
"2016-01-12 00:00:00.0","566.0"
"2016-01-13 00:00:00.0","330.0"
"2016-01-14 00:00:00.0","500.0"
"2016-01-15 00:00:00.0","700.0"
"2016-01-16 00:00:00.0","971.0"
"2016-01-17 00:00:00.0","134.0"
"2016-01-18 00:00:00.0","603.0"
"2016-01-19 00:00:00.0","-9999.0"
"2016-01-20 00:00:00.0","786.0"
"2016-01-21 00:00:00.0","391.0"
"2016-01-22 00:00:00.0","351.0"
"2016-01-23 00:00:00.0","587.0"
"2016-01-24 00:00:00.0","819.0"
"2016-01-25 00:00:00.0","251.0"
"2016-01-26 00:00:00.0","760.0"
"2016-01-27 00:00:00.0","361.0"
"2016-01-28 00:00:00.0","217.0"
"2016-01-29 00:00:00.0","1040.0"
"2016-01-30 00:00:00.0","458.0"
"2016-01-31 00:00:00.0","358.0"
"2016-02-01 00:00:00.0","366.0"
"2016-02-02 00:00:00.0","379.0"
"2016-02-03 00:00:00.0","996.0"
"2016-02-04 00:00:00.0","1196.0"
"2016-02-05 00:00:00.0","1113.0"
"2016-02-06 00:00:00.0","156.0"
"2016-02-07 00:00:00.0","484.0"
"2016-02-08 00:00:00.0","528.0"
"2016-02-09 00:00:00.0","146.0"
"2016-02-10 00:00:00.0","186.0"
"2016-02-11 00:00:00.0","530.0"
"2016-02-12 00:00:00.0","115.0"
"2016-02-13 00:00:00.0","316.0"
"2016-02-14 00:00:00.0","387.0"
"2016-02-15 00:00:00.0","1052.0"
"2016-02-16 00:00:00.0","1220.0"
"2016-02-17 00:00:00.0","267.0"
"2016-02-18 00:00:00.0","851.0"
"2016-02-19 00:00:00.0","907.0"
"2016-02-20 00:00:00.0","550.0"
"2016-02-21 00:00:00.0","1335.0"
"2016-02-22 00:00:00.0","507.0"
"2016-02-23 00:00:00.0","427.0"
"2016-02-24 00:00:00.0","589.0"
"2016-02-25 00:00:00.0","611.0"
"2016-02-26 00:00:00.0","514.0"
"2016-02-27 00:00:00.0","370.0"
"2016-02-28 00:00:00.0","426.0"
"2016-02-29 00:00:00.0","1244.0"
"2016-03-01 00:00:00.0","1415.0"
"2016-03-02 00:00:00.0","487.0"
"2016-03-03 00:00:00.0","519.0"
"2016-03-04 00:00:00.0","682.0"
"2016-03-05 00:00:00.0","1023.0"
"2016-03-06 00:00:00.0","824.0"
"2016-03-07 00:00:00.0","776.0"
"2016-03-08 00:00:00.0","860.0"
"2016-03-09 00:00:00.0","1068.0"
"2016-03-10 00:00:00.0","1315.0"
"2016-03-11 00:00:00.0","1680.0"
"2016-03-12 00:00:00.0","1931.0"
"2016-03-13 00:00:00.0","1951.0"
"2016-03-14 00:00:00.0","1888.0"
"2016-03-15 00:00:00.0","1770.0"
"2016-03-16 00:00:00.0","1975.0"
"2016-03-17 00:00:00.0","1407.0"
"2016-03-18 00:00:00.0","610.0"
"2016-03-19 00:00:00.0","859.0"
"2016-03-20 00:00:00.0","257.0"
"2016-03-21 00:00:00.0","1248.0"
"2016-03-22 00:00:00.0","1355.0"
"2016-03-23 00:00:00.0","850.0"
"2016-03-24 00:00:00.0","1908.0"
"2016-03-25 00:00:00.0","506.0"
"2016-03-26 00:00:00.0","743.0"
"2016-03-27 00:00:00.0","1392.0"
"2016-03-28 00:00:00.0","1499.0"
"2016-03-29 00:00:00.0","316.0"
"2016-03-30 00:00:00.0","212.0"
"2016-03-31 00:00:00.0","1917.0"
"2016-04-01 00:00:00.0","2142.0"
"2016-04-02 00:00:00.0","925.0"
"2016-04-03 00:00:00.0","1356.0"
"2016-04-04 00:00:00.0","1269.0"
"2016-04-05 00:00:00.0","1818.0"
"2016-04-06 00:00:00.0","1561.0"
"2016-04-07 00:00:00.0","938.0"
"2016-04-08 00:00:00.0","1474.0"
"2016-04-09 00:00:00.0","1241.0"
"2016-04-10 00:00:00.0","1103.0"
"2016-04-11 00:00:00.0","1656.0"
"2016-04-12 00:00:00.0","1303.0"
"2016-04-13 00:00:00.0","1247.0"
"2016-04-14 00:00:00.0","1595.0"
"2016-04-15 00:00:00.0","807.0"
"2016-04-16 00:00:00.0","520.0"
"2016-04-17 00:00:00.0","1269.0"
"2016-04-18 00:00:00.0","2167.0"
"2016-04-19 00:00:00.0","729.0"
"2016-04-20 00:00:00.0","1915.0"
"2016-04-21 00:00:00.0","1555.0"
"2016-04-22 00:00:00.0","1624.0"
"2016-04-23 00:00:00.0","1753.0"
"2016-04-24 00:00:00.0","2062.0"
"2016-04-25 00:00:00.0","2710.0"
"2016-04-26 00:00:00.0","2642.0"
"2016-04-27 00:00:00.0","1544.0"
"2016-04-28 00:00:00.0","2125.0"
"2016-04-29 00:00:00.0","2726.0"
"2016-04-30 00:00:00.0","2612.0"
"2016-05-01 00:00:00.0","2836.0"
"2016-05-02 00:00:00.0","2845.0"
"2016-05-03 00:00:00.0","2849.0"
"2016-05-04 00:00:00.0","2739.0"
"2016-05-05 00:00:00.0","983.0"
"2016-05-06 00:00:00.0","731.0"
"2016-05-07 00:00:00.0","1067.0"
"2016-05-08 00:00:00.0","1642.0"
"2016-05-09 00:00:00.0","1563.0"
"2016-05-10 00:00:00.0","934.0"
"2016-05-11 00:00:00.0","2081.0"
"2016-05-12 00:00:00.0","1605.0"
"2016-05-13 00:00:00.0","355.0"
"2016-05-14 00:00:00.0","268.0"
"2016-05-15 00:00:00.0","2247.0"
"2016-05-16 00:00:00.0","2728.0"
"2016-05-17 00:00:00.0","2758.0"
"2016-05-18 00:00:00.0","1420.0"
"2016-05-19 00:00:00.0","975.0"
"2016-05-20 00:00:00.0","2305.0"
"2016-05-21 00:00:00.0","624.0"
"2016-05-22 00:00:00.0","2725.0"
"2016-05-23 00:00:00.0","2506.0"
"2016-05-24 00:00:00.0","1522.0"
"2016-05-25 00:00:00.0","1617.0"
"2016-05-26 00:00:00.0","2319.0"
"2016-05-27 00:00:00.0","2046.0"
"2016-05-28 00:00:00.0","1233.0"
"2016-05-29 00:00:00.0","1643.0"
"2016-05-30 00:00:00.0","1739.0"
"2016-05-31 00:00:00.0","2876.0"
"2016-06-01 00:00:00.0","3109.0"
"2016-06-02 00:00:00.0","2817.0"
"2016-06-03 00:00:00.0","2807.0"
"2016-06-04 00:00:00.0","1751.0"
"2016-06-05 00:00:00.0","1874.0"
"2016-06-06 00:00:00.0","1345.0"
"2016-06-07 00:00:00.0","2717.0"
"2016-06-08 00:00:00.0","2922.0"
"2016-06-09 00:00:00.0","1700.0"
"2016-06-10 00:00:00.0","2252.0"
"2016-06-11 00:00:00.0","2241.0"
"2016-06-12 00:00:00.0","899.0"
"2016-06-13 00:00:00.0","2065.0"
"2016-06-14 00:00:00.0","1247.0"
"2016-06-15 00:00:00.0","1299.0"
"2016-06-16 00:00:00.0","1593.0"
"2016-06-17 00:00:00.0","1172.0"
"2016-06-18 00:00:00.0","2069.0"
"2016-06-19 00:00:00.0","2927.0"
"2016-06-20 00:00:00.0","2809.0"
"2016-06-21 00:00:00.0","3049.0"
"2016-06-22 00:00:00.0","1856.0"
"2016-06-23 00:00:00.0","1142.0"
"2016-06-24 00:00:00.0","939.0"
"2016-06-25 00:00:00.0","2111.0"
"2016-06-26 00:00:00.0","2402.0"
"2016-06-27 00:00:00.0","3011.0"
"2016-06-28 00:00:00.0","2054.0"
"2016-06-29 00:00:00.0","2623.0"
"2016-06-30 00:00:00.0","1243.0"
"2016-07-01 00:00:00.0","1170.0"
"2016-07-02 00:00:00.0","2935.0"
"2016-07-03 00:00:00.0","3009.0"
"2016-07-04 00:00:00.0","2958.0"
"2016-07-05 00:00:00.0","1732.0"
"2016-07-06 00:00:00.0","2193.0"
"2016-07-07 00:00:00.0","2883.0"
"2016-07-08 00:00:00.0","2821.0"
"2016-07-09 00:00:00.0","2894.0"
"2016-07-10 00:00:00.0","1510.0"
"2016-07-11 00:00:00.0","1815.0"
"2016-07-12 00:00:00.0","2768.0"
"2016-07-13 00:00:00.0","2688.0"
"2016-07-14 00:00:00.0","2992.0"
"2016-07-15 00:00:00.0","3034.0"
"2016-07-16 00:00:00.0","2915.0"
"2016-07-17 00:00:00.0","2885.0"
"2016-07-18 00:00:00.0","2679.0"
"2016-07-19 00:00:00.0","2798.0"
"2016-07-20 00:00:00.0","1747.0"
"2016-07-21 00:00:00.0","1674.0"
"2016-07-22 00:00:00.0","1460.0"
"2016-07-23 00:00:00.0","2855.0"
"2016-07-24 00:00:00.0","2861.0"
"2016-07-25 00:00:00.0","2652.0"
"2016-07-26 00:00:00.0","2361.0"
"2016-07-27 00:00:00.0","2780.0"
"2016-07-28 00:00:00.0","2752.0"
"2016-07-29 00:00:00.0","2394.0"
"2016-07-30 00:00:00.0","1460.0"
"2016-07-31 00:00:00.0","2115.0"
"2016-08-01 00:00:00.0","2736.0"
"2016-08-02 00:00:00.0","2811.0"
"2016-08-03 00:00:00.0","1778.0"
"2016-08-04 00:00:00.0","1171.0"
"2016-08-05 00:00:00.0","2704.0"
"2016-08-06 00:00:00.0","2760.0"
"2016-08-07 00:00:00.0","2725.0"
"2016-08-08 00:00:00.0","2238.0"
"2016-08-09 00:00:00.0","1369.0"
"2016-08-10 00:00:00.0","2073.0"
"2016-08-11 00:00:00.0","2494.0"
"2016-08-12 00:00:00.0","2283.0"
"2016-08-13 00:00:00.0","2232.0"
"2016-08-14 00:00:00.0","1706.0"
"2016-08-15 00:00:00.0","2095.0"
"2016-08-16 00:00:00.0","2266.0"
"2016-08-17 00:00:00.0","1267.0"
"2016-08-18 00:00:00.0","2492.0"
"2016-08-19 00:00:00.0","1996.0"
"2016-08-20 00:00:00.0","2422.0"
"2016-08-21 00:00:00.0","2520.0"
"2016-08-22 00:00:00.0","2440.0"
"2016-08-23 00:00:00.0","1953.0"
"2016-08-24 00:00:00.0","1300.0"
"2016-08-25 00:00:00.0","647.0"
"2016-08-26 00:00:00.0","1943.0"
"2016-08-27 00:00:00.0","1915.0"
"2016-08-28 00:00:00.0","2078.0"
"2016-08-29 00:00:00.0","2186.0"
"2016-08-30 00:00:00.0","2206.0"
"2016-08-31 00:00:00.0","2219.0"
"2016-09-01 00:00:00.0","2173.0"
"2016-09-02 00:00:00.0","1873.0"
"2016-09-03 00:00:00.0","2137.0"
"2016-09-04 00:00:00.0","1778.0"
"2016-09-05 00:00:00.0","1987.0"
"2016-09-06 00:00:00.0","1922.0"
"2016-09-07 00:00:00.0","1516.0"
"2016-09-08 00:00:00.0","2240.0"
"2016-09-09 00:00:00.0","1976.0"
"2016-09-10 00:00:00.0","819.0"
"2016-09-11 00:00:00.0","1991.0"
"2016-09-12 00:00:00.0","1676.0"
"2016-09-13 00:00:00.0","1036.0"
"2016-09-14 00:00:00.0","545.0"
"2016-09-15 00:00:00.0","508.0"
"2016-09-16 00:00:00.0","1052.0"
"2016-09-17 00:00:00.0","1731.0"
"2016-09-18 00:00:00.0","2036.0"
"2016-09-19 00:00:00.0","1650.0"
"2016-09-20 00:00:00.0","1646.0"
"2016-09-21 00:00:00.0","1543.0"
"2016-09-22 00:00:00.0","1253.0"
"2016-09-23 00:00:00.0","1842.0"
"2016-09-24 00:00:00.0","944.0"
"2016-09-25 00:00:00.0","1551.0"
"2016-09-26 00:00:00.0","1165.0"
"2016-09-27 00:00:00.0","684.0"
"2016-09-28 00:00:00.0","1774.0"
"2016-09-29 00:00:00.0","1509.0"
"2016-09-30 00:00:00.0","526.0"
"2016-10-01 00:00:00.0","1285.0"
"2016-10-02 00:00:00.0","1659.0"
"2016-10-03 00:00:00.0","1490.0"
"2016-10-04 00:00:00.0","625.0"
"2016-10-05 00:00:00.0","832.0"
"2016-10-06 00:00:00.0","1574.0"
"2016-10-07 00:00:00.0","1578.0"
"2016-10-08 00:00:00.0","1484.0"
"2016-10-09 00:00:00.0","1605.0"
"2016-10-10 00:00:00.0","1542.0"
"2016-10-11 00:00:00.0","343.0"
"2016-10-12 00:00:00.0","857.0"
"2016-10-13 00:00:00.0","333.0"
"2016-10-14 00:00:00.0","1247.0"
"2016-10-15 00:00:00.0","531.0"
"2016-10-16 00:00:00.0","985.0"
"2016-10-17 00:00:00.0","518.0"
"2016-10-18 00:00:00.0","1136.0"
"2016-10-19 00:00:00.0","773.0"
"2016-10-20 00:00:00.0","1060.0"
"2016-10-21 00:00:00.0","1179.0"
"2016-10-22 00:00:00.0","456.0"
"2016-10-23 00:00:00.0","1161.0"
"2016-10-24 00:00:00.0","1159.0"
"2016-10-25 00:00:00.0","912.0"
"2016-10-26 00:00:00.0","1180.0"
"2016-10-27 00:00:00.0","1252.0"
"2016-10-28 00:00:00.0","1166.0"
"2016-10-29 00:00:00.0","966.0"
"2016-10-30 00:00:00.0","1146.0"
"2016-10-31 00:00:00.0","1070.0"
"2016-11-01 00:00:00.0","641.0"
"2016-11-02 00:00:00.0","843.0"
"2016-11-03 00:00:00.0","676.0"
"2016-11-04 00:00:00.0","293.0"
"2016-11-05 00:00:00.0","884.0"
"2016-11-06 00:00:00.0","705.0"
"2016-11-07 00:00:00.0","878.0"
"2016-11-08 00:00:00.0","442.0"
"2016-11-09 00:00:00.0","420.0"
"2016-11-10 00:00:00.0","451.0"
"2016-11-11 00:00:00.0","450.0"
"2016-11-12 00:00:00.0","153.0"
"2016-11-13 00:00:00.0","608.0"
"2016-11-14 00:00:00.0","777.0"
"2016-11-15 00:00:00.0","793.0"
"2016-11-16 00:00:00.0","813.0"
"2016-11-17 00:00:00.0","323.0"
"2016-11-18 00:00:00.0","454.0"
"2016-11-19 00:00:00.0","280.0"
"2016-11-20 00:00:00.0","607.0"
"2016-11-21 00:00:00.0","325.0"
"2016-11-22 00:00:00.0","787.0"
"2016-11-23 00:00:00.0","751.0"
"2016-11-24 00:00:00.0","76.0"
"2016-11-25 00:00:00.0","967.0"
"2016-11-26 00:00:00.0","360.0"
"2016-11-27 00:00:00.0","825.0"
"2016-11-28 00:00:00.0","856.0"
"2016-11-29 00:00:00.0","842.0"
"2016-11-30 00:00:00.0","747.0"
"2016-12-01 00:00:00.0","501.0"
"2016-12-02 00:00:00.0","826.0"
"2016-12-03 00:00:00.0","642.0"
"2016-12-04 00:00:00.0","782.0"
"2016-12-05 00:00:00.0","769.0"
"2016-12-06 00:00:00.0","764.0"
"2016-12-07 00:00:00.0","662.0"
"2016-12-08 00:00:00.0","491.0"
"2016-12-09 00:00:00.0","797.0"
"2016-12-10 00:00:00.0","548.0"
"2016-12-11 00:00:00.0","702.0"
"2016-12-12 00:00:00.0","721.0"
"2016-12-13 00:00:00.0","802.0"
"2016-12-14 00:00:00.0","504.0"
"2016-12-15 00:00:00.0","145.0"
"2016-12-16 00:00:00.0","485.0"
"2016-12-17 00:00:00.0","770.0"
"2016-12-18 00:00:00.0","777.0"
"2016-12-19 00:00:00.0","511.0"
"2016-12-20 00:00:00.0","258.0"
"2016-12-21 00:00:00.0","214.0"
"2016-12-22 00:00:00.0","245.0"
"2016-12-23 00:00:00.0","315.0"
"2016-12-24 00:00:00.0","529.0"
"2016-12-25 00:00:00.0","794.0"
"2016-12-26 00:00:00.0","538.0"
"2016-12-27 00:00:00.0","810.0"
"2016-12-28 00:00:00.0","820.0"
"2016-12-29 00:00:00.0","819.0"
"2016-12-30 00:00:00.0","854.0"
"2016-12-31 00:00:00.0","802.0"
"2017-01-01 00:00:00.0","265.0"
"2017-01-02 00:00:00.0","401.0"
"2017-01-03 00:00:00.0","394.0"
"2017-01-04 00:00:00.0","577.0"
"2017-01-05 00:00:00.0","784.0"
"2017-01-06 00:00:00.0","854.0"
"2017-01-07 00:00:00.0","898.0"
"2017-01-08 00:00:00.0","901.0"
"2017-01-09 00:00:00.0","705.0"
"2017-01-10 00:00:00.0","251.0"
"2017-01-11 00:00:00.0","225.0"
"2017-01-12 00:00:00.0","186.0"
"2017-01-13 00:00:00.0","402.0"
"2017-01-14 00:00:00.0","757.0"
"2017-01-15 00:00:00.0","458.0"
"2017-01-16 00:00:00.0","417.0"
"2017-01-17 00:00:00.0","546.0"
"2017-01-18 00:00:00.0","947.0"
"2017-01-19 00:00:00.0","205.0"
"2017-01-20 00:00:00.0","1036.0"
"2017-01-21 00:00:00.0","904.0"
"2017-01-22 00:00:00.0","950.0"
"2017-01-23 00:00:00.0","1004.0"
"2017-01-24 00:00:00.0","1013.0"
"2017-01-25 00:00:00.0","988.0"
"2017-01-26 00:00:00.0","567.0"
"2017-01-27 00:00:00.0","433.0"
"2017-01-28 00:00:00.0","566.0"
"2017-01-29 00:00:00.0","455.0"
"2017-01-30 00:00:00.0","210.0"
"2017-01-31 00:00:00.0","222.0"
"2017-02-01 00:00:00.0","376.0"
"2017-02-02 00:00:00.0","571.0"
"2017-02-03 00:00:00.0","277.0"
"2017-02-04 00:00:00.0","195.0"
"2017-02-05 00:00:00.0","616.0"
"2017-02-06 00:00:00.0","556.0"
"2017-02-07 00:00:00.0","787.0"
"2017-02-08 00:00:00.0","932.0"
"2017-02-09 00:00:00.0","452.0"
"2017-02-10 00:00:00.0","1146.0"
"2017-02-11 00:00:00.0","557.0"
"2017-02-12 00:00:00.0","346.0"
"2017-02-13 00:00:00.0","548.0"
"2017-02-14 00:00:00.0","682.0"
"2017-02-15 00:00:00.0","533.0"
"2017-02-16 00:00:00.0","1238.0"
"2017-02-17 00:00:00.0","1319.0"
"2017-02-18 00:00:00.0","556.0"
"2017-02-19 00:00:00.0","1335.0"
"2017-02-20 00:00:00.0","1379.0"
"2017-02-21 00:00:00.0","1392.0"
"2017-02-22 00:00:00.0","1469.0"
"2017-02-23 00:00:00.0","527.0"
"2017-02-24 00:00:00.0","1254.0"
"2017-02-25 00:00:00.0","1506.0"
"2017-02-26 00:00:00.0","558.0"
"2017-02-27 00:00:00.0","740.0"
"2017-02-28 00:00:00.0","576.0"
"2017-03-01 00:00:00.0","772.0"
"2017-03-02 00:00:00.0","713.0"
"2017-03-03 00:00:00.0","444.0"
"2017-03-04 00:00:00.0","1135.0"
"2017-03-05 00:00:00.0","435.0"
"2017-03-06 00:00:00.0","1365.0"
"2017-03-07 00:00:00.0","555.0"
"2017-03-08 00:00:00.0","1104.0"
"2017-03-09 00:00:00.0","1784.0"
"2017-03-10 00:00:00.0","1764.0"
"2017-03-11 00:00:00.0","537.0"
"2017-03-12 00:00:00.0","989.0"
"2017-03-13 00:00:00.0","1597.0"
"2017-03-14 00:00:00.0","1868.0"
"2017-03-15 00:00:00.0","1922.0"
"2017-03-16 00:00:00.0","1846.0"
"2017-03-17 00:00:00.0","1934.0"
"2017-03-18 00:00:00.0","1908.0"
"2017-03-19 00:00:00.0","1726.0"
"2017-03-20 00:00:00.0","671.0"
"2017-03-21 00:00:00.0","1302.0"
"2017-03-22 00:00:00.0","827.0"
"2017-03-23 00:00:00.0","552.0"
"2017-03-24 00:00:00.0","1726.0"
"2017-03-25 00:00:00.0","395.0"
"2017-03-26 00:00:00.0","1271.0"
"2017-03-27 00:00:00.0","1940.0"
"2017-03-28 00:00:00.0","1632.0"
"2017-03-29 00:00:00.0","1562.0"
"2017-03-30 00:00:00.0","1631.0"
"2017-03-31 00:00:00.0","1229.0"
"2017-04-01 00:00:00.0","1284.0"
"2017-04-02 00:00:00.0","2031.0"
"2017-04-03 00:00:00.0","2260.0"
"2017-04-04 00:00:00.0","2298.0"
"2017-04-05 00:00:00.0","2315.0"
"2017-04-06 00:00:00.0","2400.0"
"2017-04-07 00:00:00.0","2409.0"
"2017-04-08 00:00:00.0","2358.0"
"2017-04-09 00:00:00.0","2200.0"
"2017-04-10 00:00:00.0","2347.0"
"2017-04-11 00:00:00.0","2452.0"
"2017-04-12 00:00:00.0","2463.0"
"2017-04-13 00:00:00.0","2167.0"
"2017-04-14 00:00:00.0","1001.0"
"2017-04-15 00:00:00.0","1579.0"
"2017-04-16 00:00:00.0","2107.0"
"2017-04-17 00:00:00.0","2383.0"
"2017-04-18 00:00:00.0","1712.0"
"2017-04-19 00:00:00.0","2578.0"
"2017-04-20 00:00:00.0","2532.0"
"2017-04-21 00:00:00.0","2552.0"
"2017-04-22 00:00:00.0","2384.0"
"2017-04-23 00:00:00.0","2554.0"
"2017-04-24 00:00:00.0","2391.0"
"2017-04-25 00:00:00.0","509.0"
"2017-04-26 00:00:00.0","2145.0"
"2017-04-27 00:00:00.0","2699.0"
"2017-04-28 00:00:00.0","2877.0"
"2017-04-29 00:00:00.0","2317.0"
"2017-04-30 00:00:00.0","1795.0"
"2017-05-01 00:00:00.0","1033.0"
"2017-05-02 00:00:00.0","2779.0"
"2017-05-03 00:00:00.0","2682.0"
"2017-05-04 00:00:00.0","1735.0"
"2017-05-05 00:00:00.0","1239.0"
"2017-05-06 00:00:00.0","2438.0"
"2017-05-07 00:00:00.0","2528.0"
"2017-05-08 00:00:00.0","1970.0"
"2017-05-09 00:00:00.0","1415.0"
"2017-05-10 00:00:00.0","1347.0"
"2017-05-11 00:00:00.0","1447.0"
"2017-05-12 00:00:00.0","1301.0"
"2017-05-13 00:00:00.0","1932.0"
"2017-05-14 00:00:00.0","1697.0"
"2017-05-15 00:00:00.0","2194.0"
"2017-05-16 00:00:00.0","2419.0"
"2017-05-17 00:00:00.0","676.0"
"2017-05-18 00:00:00.0","2259.0"
"2017-05-19 00:00:00.0","1968.0"
"2017-05-20 00:00:00.0","2903.0"
"2017-05-21 00:00:00.0","1417.0"
"2017-05-22 00:00:00.0","2824.0"
"2017-05-23 00:00:00.0","2872.0"
"2017-05-24 00:00:00.0","2897.0"
"2017-05-25 00:00:00.0","1706.0"
"2017-05-26 00:00:00.0","781.0"
"2017-05-27 00:00:00.0","1572.0"
"2017-05-28 00:00:00.0","1322.0"
"2017-05-29 00:00:00.0","1107.0"
"2017-05-30 00:00:00.0","2705.0"
"2017-05-31 00:00:00.0","2762.0"
"2017-06-01 00:00:00.0","1988.0"
"2017-06-02 00:00:00.0","1570.0"
"2017-06-03 00:00:00.0","2265.0"
"2017-06-04 00:00:00.0","2848.0"
"2017-06-05 00:00:00.0","1840.0"
"2017-06-06 00:00:00.0","2756.0"
"2017-06-07 00:00:00.0","3071.0"
"2017-06-08 00:00:00.0","1647.0"
"2017-06-09 00:00:00.0","2740.0"
"2017-06-10 00:00:00.0","2985.0"
"2017-06-11 00:00:00.0","686.0"
"2017-06-12 00:00:00.0","2504.0"
"2017-06-13 00:00:00.0","1273.0"
"2017-06-14 00:00:00.0","1042.0"
"2017-06-15 00:00:00.0","3062.0"
"2017-06-16 00:00:00.0","2928.0"
"2017-06-17 00:00:00.0","3007.0"
"2017-06-18 00:00:00.0","2940.0"
"2017-06-19 00:00:00.0","2262.0"
"2017-06-20 00:00:00.0","2677.0"
"2017-06-21 00:00:00.0","2397.0"
"2017-06-22 00:00:00.0","1335.0"
"2017-06-23 00:00:00.0","2413.0"
"2017-06-24 00:00:00.0","2930.0"
"2017-06-25 00:00:00.0","2652.0"
"2017-06-26 00:00:00.0","839.0"
"2017-06-27 00:00:00.0","1364.0"
"2017-06-28 00:00:00.0","1459.0"
"2017-06-29 00:00:00.0","1687.0"
"2017-06-30 00:00:00.0","1975.0"
"2017-07-01 00:00:00.0","2139.0"
"2017-07-02 00:00:00.0","3020.0"
"2017-07-03 00:00:00.0","3001.0"
"2017-07-04 00:00:00.0","2706.0"
"2017-07-05 00:00:00.0","1352.0"
"2017-07-06 00:00:00.0","2035.0"
"2017-07-07 00:00:00.0","917.0"
"2017-07-08 00:00:00.0","1414.0"
"2017-07-09 00:00:00.0","1161.0"
"2017-07-10 00:00:00.0","1338.0"
"2017-07-11 00:00:00.0","1747.0"
"2017-07-12 00:00:00.0","2072.0"
"2017-07-13 00:00:00.0","1950.0"
"2017-07-14 00:00:00.0","2751.0"
"2017-07-15 00:00:00.0","2844.0"
"2017-07-16 00:00:00.0","2711.0"
"2017-07-17 00:00:00.0","2587.0"
"2017-07-18 00:00:00.0","1884.0"
"2017-07-19 00:00:00.0","1141.0"
"2017-07-20 00:00:00.0","2320.0"
"2017-07-21 00:00:00.0","2040.0"
"2017-07-22 00:00:00.0","1988.0"
"2017-07-23 00:00:00.0","929.0"
"2017-07-24 00:00:00.0","1161.0"
"2017-07-25 00:00:00.0","2482.0"
"2017-07-26 00:00:00.0","2474.0"
"2017-07-27 00:00:00.0","631.0"
"2017-07-28 00:00:00.0","1912.0"
"2017-07-29 00:00:00.0","2117.0"
"2017-07-30 00:00:00.0","1346.0"
"2017-07-31 00:00:00.0","2365.0"
"2017-08-01 00:00:00.0","2730.0"
"2017-08-02 00:00:00.0","2406.0"
"2017-08-03 00:00:00.0","2100.0"
"2017-08-04 00:00:00.0","1241.0"
"2017-08-05 00:00:00.0","1217.0"
"2017-08-06 00:00:00.0","2388.0"
"2017-08-07 00:00:00.0","880.0"
"2017-08-08 00:00:00.0","2478.0"
"2017-08-09 00:00:00.0","2307.0"
"2017-08-10 00:00:00.0","2565.0"
"2017-08-11 00:00:00.0","2654.0"
"2017-08-12 00:00:00.0","2637.0"
"2017-08-13 00:00:00.0","2534.0"
"2017-08-14 00:00:00.0","1715.0"
"2017-08-15 00:00:00.0","1387.0"
"2017-08-16 00:00:00.0","2275.0"
"2017-08-17 00:00:00.0","2224.0"
"2017-08-18 00:00:00.0","1413.0"
"2017-08-19 00:00:00.0","2426.0"
"2017-08-20 00:00:00.0","2525.0"
"2017-08-21 00:00:00.0","2211.0"
"2017-08-22 00:00:00.0","2306.0"
"2017-08-23 00:00:00.0","1477.0"
"2017-08-24 00:00:00.0","1553.0"
"2017-08-25 00:00:00.0","1793.0"
"2017-08-26 00:00:00.0","1723.0"
"2017-08-27 00:00:00.0","1446.0"
"2017-08-28 00:00:00.0","2207.0"
"2017-08-29 00:00:00.0","670.0"
"2017-08-30 00:00:00.0","554.0"
"2017-08-31 00:00:00.0","2030.0"
"2017-09-01 00:00:00.0","2144.0"
"2017-09-02 00:00:00.0","2105.0"
"2017-09-03 00:00:00.0","1064.0"
"2017-09-04 00:00:00.0","905.0"
"2017-09-05 00:00:00.0","1506.0"
"2017-09-06 00:00:00.0","2110.0"
"2017-09-07 00:00:00.0","1981.0"
"2017-09-08 00:00:00.0","1747.0"
"2017-09-09 00:00:00.0","1309.0"
"2017-09-10 00:00:00.0","892.0"
"2017-09-11 00:00:00.0","1795.0"
"2017-09-12 00:00:00.0","968.0"
"2017-09-13 00:00:00.0","644.0"
"2017-09-14 00:00:00.0","1894.0"
"2017-09-15 00:00:00.0","1908.0"
"2017-09-16 00:00:00.0","1826.0"
"2017-09-17 00:00:00.0","1065.0"
"2017-09-18 00:00:00.0","1232.0"
"2017-09-19 00:00:00.0","1716.0"
"2017-09-20 00:00:00.0","1961.0"
"2017-09-21 00:00:00.0","517.0"
"2017-09-22 00:00:00.0","1547.0"
"2017-09-23 00:00:00.0","1477.0"
"2017-09-24 00:00:00.0","688.0"
"2017-09-25 00:00:00.0","1303.0"
"2017-09-26 00:00:00.0","1845.0"
"2017-09-27 00:00:00.0","1009.0"
"2017-09-28 00:00:00.0","1553.0"
"2017-09-29 00:00:00.0","677.0"
"2017-09-30 00:00:00.0","1194.0"
"2017-10-01 00:00:00.0","1196.0"
"2017-10-02 00:00:00.0","1597.0"
"2017-10-03 00:00:00.0","1585.0"
"2017-10-04 00:00:00.0","1663.0"
"2017-10-05 00:00:00.0","1689.0"
"2017-10-06 00:00:00.0","1701.0"
"2017-10-07 00:00:00.0","1720.0"
"2017-10-08 00:00:00.0","1708.0"
"2017-10-09 00:00:00.0","1670.0"
"2017-10-10 00:00:00.0","1648.0"
"2017-10-11 00:00:00.0","1453.0"
"2017-10-12 00:00:00.0","1572.0"
"2017-10-13 00:00:00.0","1429.0"
"2017-10-14 00:00:00.0","1423.0"
"2017-10-15 00:00:00.0","981.0"
"2017-10-16 00:00:00.0","194.0"
"2017-10-17 00:00:00.0","1062.0"
"2017-10-18 00:00:00.0","870.0"
"2017-10-19 00:00:00.0","472.0"
"2017-10-20 00:00:00.0","1123.0"
"2017-10-21 00:00:00.0","927.0"
"2017-10-22 00:00:00.0","1030.0"
"2017-10-23 00:00:00.0","1365.0"
"2017-10-24 00:00:00.0","1321.0"
"2017-10-25 00:00:00.0","1227.0"
"2017-10-26 00:00:00.0","1231.0"
"2017-10-27 00:00:00.0","1218.0"
"2017-10-28 00:00:00.0","1210.0"
"2017-10-29 00:00:00.0","1213.0"
"2017-10-30 00:00:00.0","677.0"
"2017-10-31 00:00:00.0","1088.0"
"2017-11-01 00:00:00.0","469.0"
"2017-11-02 00:00:00.0","702.0"
"2017-11-03 00:00:00.0","420.0"
"2017-11-04 00:00:00.0","570.0"
"2017-11-05 00:00:00.0","894.0"
"2017-11-06 00:00:00.0","1053.0"
"2017-11-07 00:00:00.0","345.0"
"2017-11-08 00:00:00.0","727.0"
"2017-11-09 00:00:00.0","331.0"
"2017-11-10 00:00:00.0","481.0"
"2017-11-11 00:00:00.0","461.0"
"2017-11-12 00:00:00.0","286.0"
"2017-11-13 00:00:00.0","1005.0"
"2017-11-14 00:00:00.0","1030.0"
"2017-11-15 00:00:00.0","1011.0"
"2017-11-16 00:00:00.0","980.0"
"2017-11-17 00:00:00.0","772.0"
"2017-11-18 00:00:00.0","953.0"
"2017-11-19 00:00:00.0","985.0"
"2017-11-20 00:00:00.0","851.0"
"2017-11-21 00:00:00.0","778.0"
"2017-11-22 00:00:00.0","458.0"
"2017-11-23 00:00:00.0","651.0"
"2017-11-24 00:00:00.0","190.0"
"2017-11-25 00:00:00.0","607.0"
"2017-11-26 00:00:00.0","964.0"
"2017-11-27 00:00:00.0","954.0"
"2017-11-28 00:00:00.0","653.0"
"2017-11-29 00:00:00.0","689.0"
"2017-11-30 00:00:00.0","766.0"
"2017-12-01 00:00:00.0","633.0"
"2017-12-02 00:00:00.0","731.0"
"2017-12-03 00:00:00.0","771.0"
"2017-12-04 00:00:00.0","846.0"
"2017-12-05 00:00:00.0","849.0"
"2017-12-06 00:00:00.0","524.0"
"2017-12-07 00:00:00.0","164.0"
"2017-12-08 00:00:00.0","177.0"
"2017-12-09 00:00:00.0","167.0"
"2017-12-10 00:00:00.0","42.0"
"2017-12-11 00:00:00.0","395.0"
"2017-12-12 00:00:00.0","394.0"
"2017-12-13 00:00:00.0","225.0"
"2017-12-14 00:00:00.0","399.0"
"2017-12-15 00:00:00.0","409.0"
"2017-12-16 00:00:00.0","630.0"
"2017-12-17 00:00:00.0","834.0"
"2017-12-18 00:00:00.0","385.0"
"2017-12-19 00:00:00.0","533.0"
"2017-12-20 00:00:00.0","832.0"
"2017-12-21 00:00:00.0","817.0"
"2017-12-22 00:00:00.0","797.0"
"2017-12-23 00:00:00.0","807.0"
"2017-12-24 00:00:00.0","794.0"
"2017-12-25 00:00:00.0","250.0"
"2017-12-26 00:00:00.0","117.0"
"2017-12-27 00:00:00.0","232.0"
"2017-12-28 00:00:00.0","289.0"
"2017-12-29 00:00:00.0","552.0"
"2017-12-30 00:00:00.0","622.0"
"2017-12-31 00:00:00.0","399.0"
"2018-01-01 00:00:00.0","183.0"
"2018-01-02 00:00:00.0","192.0"
"2018-01-03 00:00:00.0","292.0"
"2018-01-04 00:00:00.0","350.0"
"2018-01-05 00:00:00.0","-9999.0"
"2018-01-06 00:00:00.0","664.0"
"2018-01-07 00:00:00.0","339.0"
"2018-01-08 00:00:00.0","394.0"
"2018-01-09 00:00:00.0","567.0"
"2018-01-10 00:00:00.0","592.0"
"2018-01-11 00:00:00.0","475.0"
"2018-01-12 00:00:00.0","481.0"
"2018-01-13 00:00:00.0","486.0"
"2018-01-14 00:00:00.0","901.0"
"2018-01-15 00:00:00.0","198.0"
"2018-01-16 00:00:00.0","278.0"
"2018-01-17 00:00:00.0","489.0"
"2018-01-18 00:00:00.0","252.0"
"2018-01-19 00:00:00.0","581.0"
"2018-01-20 00:00:00.0","358.0"
"2018-01-21 00:00:00.0","383.0"
"2018-01-22 00:00:00.0","426.0"
"2018-01-23 00:00:00.0","422.0"
"2018-01-24 00:00:00.0","590.0"
"2018-01-25 00:00:00.0","564.0"
"2018-01-26 00:00:00.0","537.0"
"2018-01-27 00:00:00.0","287.0"
"2018-01-28 00:00:00.0","1046.0"
"2018-01-29 00:00:00.0","1130.0"
"2018-01-30 00:00:00.0","1139.0"
"2018-01-31 00:00:00.0","449.0"
"2018-02-01 00:00:00.0","472.0"
"2018-02-02 00:00:00.0","938.0"
"2018-02-03 00:00:00.0","264.0"
"2018-02-04 00:00:00.0","623.0"
"2018-02-05 00:00:00.0","709.0"
"2018-02-06 00:00:00.0","751.0"
"2018-02-07 00:00:00.0","590.0"
"2018-02-08 00:00:00.0","931.0"
"2018-02-09 00:00:00.0","453.0"
"2018-02-10 00:00:00.0","458.0"
"2018-02-11 00:00:00.0","240.0"
"2018-02-12 00:00:00.0","819.0"
"2018-02-13 00:00:00.0","243.0"
"2018-02-14 00:00:00.0","504.0"
"2018-02-15 00:00:00.0","479.0"
"2018-02-16 00:00:00.0","194.0"
"2018-02-17 00:00:00.0","1269.0"
"2018-02-18 00:00:00.0","935.0"
"2018-02-19 00:00:00.0","560.0"
"2018-02-20 00:00:00.0","896.0"
"2018-02-21 00:00:00.0","1023.0"
"2018-02-22 00:00:00.0","1601.0"
"2018-02-23 00:00:00.0","1589.0"
"2018-02-24 00:00:00.0","1621.0"
"2018-02-25 00:00:00.0","1615.0"
"2018-02-26 00:00:00.0","1577.0"
"2018-02-27 00:00:00.0","1467.0"
"2018-02-28 00:00:00.0","285.0"
"2018-03-01 00:00:00.0","230.0"
"2018-03-02 00:00:00.0","398.0"
"2018-03-03 00:00:00.0","1084.0"
"2018-03-04 00:00:00.0","880.0"
"2018-03-05 00:00:00.0","978.0"
"2018-03-06 00:00:00.0","1184.0"
"2018-03-07 00:00:00.0","1100.0"
"2018-03-08 00:00:00.0","989.0"
"2018-03-09 00:00:00.0","1141.0"
"2018-03-10 00:00:00.0","1035.0"
"2018-03-11 00:00:00.0","870.0"
"2018-03-12 00:00:00.0","1383.0"
"2018-03-13 00:00:00.0","1383.0"
"2018-03-14 00:00:00.0","734.0"
"2018-03-15 00:00:00.0","526.0"
"2018-03-16 00:00:00.0","933.0"
"2018-03-17 00:00:00.0","1528.0"
"2018-03-18 00:00:00.0","1235.0"
"2018-03-19 00:00:00.0","1388.0"
"2018-03-20 00:00:00.0","1098.0"
"2018-03-21 00:00:00.0","1553.0"
"2018-03-22 00:00:00.0","2031.0"
"2018-03-23 00:00:00.0","713.0"
"2018-03-24 00:00:00.0","886.0"
"2018-03-25 00:00:00.0","1384.0"
"2018-03-26 00:00:00.0","649.0"
"2018-03-27 00:00:00.0","1198.0"
"2018-03-28 00:00:00.0","574.0"
"2018-03-29 00:00:00.0","1009.0"
"2018-03-30 00:00:00.0","721.0"
"2018-03-31 00:00:00.0","1047.0"
"2018-04-01 00:00:00.0","-9999.0"
"2018-04-02 00:00:00.0","1242.0"
"2018-04-03 00:00:00.0","1123.0"
"2018-04-04 00:00:00.0","1072.0"
"2018-04-05 00:00:00.0","1559.0"
"2018-04-06 00:00:00.0","360.0"
"2018-04-07 00:00:00.0","1643.0"
"2018-04-08 00:00:00.0","1192.0"
"2018-04-09 00:00:00.0","1930.0"
"2018-04-10 00:00:00.0","1567.0"
"2018-04-11 00:00:00.0","1472.0"
"2018-04-12 00:00:00.0","689.0"
"2018-04-13 00:00:00.0","749.0"
"2018-04-14 00:00:00.0","1811.0"
"2018-04-15 00:00:00.0","1125.0"
"2018-04-16 00:00:00.0","2232.0"
"2018-04-17 00:00:00.0","2398.0"
"2018-04-18 00:00:00.0","2663.0"
"2018-04-19 00:00:00.0","2375.0"
"2018-04-20 00:00:00.0","2394.0"
"2018-04-21 00:00:00.0","1570.0"
"2018-04-22 00:00:00.0","1284.0"
"2018-04-23 00:00:00.0","2340.0"
"2018-04-24 00:00:00.0","1945.0"
"2018-04-25 00:00:00.0","1675.0"
"2018-04-26 00:00:00.0","2760.0"
"2018-04-27 00:00:00.0","1675.0"
"2018-04-28 00:00:00.0","2207.0"
"2018-04-29 00:00:00.0","1080.0"
"2018-04-30 00:00:00.0","1604.0"
"2018-05-01 00:00:00.0","2138.0"
"2018-05-02 00:00:00.0","612.0"
"2018-05-03 00:00:00.0","2129.0"
"2018-05-04 00:00:00.0","2890.0"
"2018-05-05 00:00:00.0","2886.0"
"2018-05-06 00:00:00.0","2812.0"
"2018-05-07 00:00:00.0","2672.0"
"2018-05-08 00:00:00.0","1704.0"
"2018-05-09 00:00:00.0","1226.0"
"2018-05-10 00:00:00.0","2607.0"
"2018-05-11 00:00:00.0","668.0"
"2018-05-12 00:00:00.0","2646.0"
"2018-05-13 00:00:00.0","803.0"
"2018-05-14 00:00:00.0","1525.0"
"2018-05-15 00:00:00.0","2393.0"
"2018-05-16 00:00:00.0","2518.0"
"2018-05-17 00:00:00.0","2911.0"
"2018-05-18 00:00:00.0","2873.0"
"2018-05-19 00:00:00.0","2964.0"
"2018-05-20 00:00:00.0","3087.0"
"2018-05-21 00:00:00.0","2819.0"
"2018-05-22 00:00:00.0","2768.0"
"2018-05-23 00:00:00.0","2253.0"
"2018-05-24 00:00:00.0","1965.0"
"2018-05-25 00:00:00.0","610.0"
"2018-05-26 00:00:00.0","650.0"
"2018-05-27 00:00:00.0","1239.0"
"2018-05-28 00:00:00.0","2477.0"
"2018-05-29 00:00:00.0","808.0"
"2018-05-30 00:00:00.0","457.0"
"2018-05-31 00:00:00.0","931.0"
"2018-06-01 00:00:00.0","2232.0"
"2018-06-02 00:00:00.0","1900.0"
"2018-06-03 00:00:00.0","2205.0"
"2018-06-04 00:00:00.0","1151.0"
"2018-06-05 00:00:00.0","580.0"
"2018-06-06 00:00:00.0","555.0"
"2018-06-07 00:00:00.0","967.0"
"2018-06-08 00:00:00.0","1065.0"
"2018-06-09 00:00:00.0","982.0"
"2018-06-10 00:00:00.0","1514.0"
"2018-06-11 00:00:00.0","435.0"
"2018-06-12 00:00:00.0","932.0"
"2018-06-13 00:00:00.0","2070.0"
"2018-06-14 00:00:00.0","2934.0"
"2018-06-15 00:00:00.0","1131.0"
"2018-06-16 00:00:00.0","2342.0"
"2018-06-17 00:00:00.0","3092.0"
"2018-06-18 00:00:00.0","2958.0"
"2018-06-19 00:00:00.0","3109.0"
"2018-06-20 00:00:00.0","2518.0"
"2018-06-21 00:00:00.0","2863.0"
"2018-06-22 00:00:00.0","2993.0"
"2018-06-23 00:00:00.0","2976.0"
"2018-06-24 00:00:00.0","2876.0"
"2018-06-25 00:00:00.0","1057.0"
"2018-06-26 00:00:00.0","558.0"
"2018-06-27 00:00:00.0","1478.0"
"2018-06-28 00:00:00.0","944.0"
"2018-06-29 00:00:00.0","2509.0"
"2018-06-30 00:00:00.0","964.0"
"2018-07-01 00:00:00.0","986.0"
"2018-07-02 00:00:00.0","961.0"
"2018-07-03 00:00:00.0","1440.0"
"2018-07-04 00:00:00.0","1088.0"
"2018-07-05 00:00:00.0","724.0"
"2018-07-06 00:00:00.0","2995.0"
"2018-07-07 00:00:00.0","2997.0"
"2018-07-08 00:00:00.0","2632.0"
"2018-07-09 00:00:00.0","3006.0"
"2018-07-10 00:00:00.0","2917.0"
"2018-07-11 00:00:00.0","1188.0"
"2018-07-12 00:00:00.0","2695.0"
"2018-07-13 00:00:00.0","2914.0"
"2018-07-14 00:00:00.0","2197.0"
"2018-07-15 00:00:00.0","596.0"
"2018-07-16 00:00:00.0","1349.0"
