"Instante lectura,""Presi√≥n"""
"2012-01-01 00:00:00.0,""909.3"""
"2012-01-02 00:00:00.0,""913.5"""
"2012-01-03 00:00:00.0,""916.8"""
"2012-01-04 00:00:00.0,""920.5"""
"2012-01-05 00:00:00.0,""919.8"""
"2012-01-06 00:00:00.0,""917.8"""
"2012-01-07 00:00:00.0,""916.3"""
"2012-01-08 00:00:00.0,""914.1"""
"2012-01-09 00:00:00.0,""913.5"""
"2012-01-10 00:00:00.0,""913.8"""
"2012-01-11 00:00:00.0,""914.2"""
"2012-01-12 00:00:00.0,""913.8"""
"2012-01-13 00:00:00.0,""911.3"""
"2012-01-14 00:00:00.0,""906.0"""
"2012-01-15 00:00:00.0,""901.3"""
"2012-01-16 00:00:00.0,""903.4"""
"2012-01-17 00:00:00.0,""913.2"""
"2012-01-18 00:00:00.0,""919.1"""
"2012-01-19 00:00:00.0,""921.7"""
"2012-01-20 00:00:00.0,""920.5"""
"2012-01-21 00:00:00.0,""917.0"""
"2012-01-22 00:00:00.0,""911.2"""
"2012-01-23 00:00:00.0,""908.4"""
"2012-01-24 00:00:00.0,""909.5"""
"2012-01-25 00:00:00.0,""905.5"""
"2012-01-26 00:00:00.0,""905.2"""
"2012-01-27 00:00:00.0,""909.1"""
"2012-01-28 00:00:00.0,""912.6"""
"2012-01-29 00:00:00.0,""911.1"""
"2012-01-30 00:00:00.0,""909.6"""
"2012-01-31 00:00:00.0,""907.4"""
"2012-02-01 00:00:00.0,""903.0"""
"2012-02-02 00:00:00.0,""905.3"""
"2012-02-03 00:00:00.0,""913.6"""
"2012-02-04 00:00:00.0,""919.8"""
"2012-02-05 00:00:00.0,""918.8"""
"2012-02-06 00:00:00.0,""918.8"""
"2012-02-07 00:00:00.0,""914.6"""
"2012-02-08 00:00:00.0,""913.0"""
"2012-02-09 00:00:00.0,""913.8"""
"2012-02-10 00:00:00.0,""910.3"""
"2012-02-11 00:00:00.0,""908.1"""
"2012-02-12 00:00:00.0,""911.3"""
"2012-02-13 00:00:00.0,""914.8"""
"2012-02-14 00:00:00.0,""911.4"""
"2012-02-15 00:00:00.0,""914.6"""
"2012-02-16 00:00:00.0,""911.6"""
"2012-02-17 00:00:00.0,""909.1"""
"2012-02-18 00:00:00.0,""908.1"""
"2012-02-19 00:00:00.0,""910.6"""
"2012-02-20 00:00:00.0,""912.5"""
"2012-02-21 00:00:00.0,""912.8"""
"2012-02-22 00:00:00.0,""914.0"""
"2012-02-23 00:00:00.0,""914.8"""
"2012-02-24 00:00:00.0,""913.3"""
"2012-02-25 00:00:00.0,""911.0"""
"2012-02-26 00:00:00.0,""910.8"""
"2012-02-27 00:00:00.0,""909.4"""
"2012-02-28 00:00:00.0,""907.4"""
"2012-02-29 00:00:00.0,""908.4"""
"2012-03-01 00:00:00.0,""907.9"""
"2012-03-02 00:00:00.0,""909.7"""
"2012-03-03 00:00:00.0,""912.0"""
"2012-03-04 00:00:00.0,""912.5"""
"2012-03-05 00:00:00.0,""914.2"""
"2012-03-06 00:00:00.0,""912.8"""
"2012-03-07 00:00:00.0,""914.6"""
"2012-03-08 00:00:00.0,""916.8"""
"2012-03-09 00:00:00.0,""916.9"""
"2012-03-10 00:00:00.0,""917.3"""
"2012-03-11 00:00:00.0,""913.0"""
"2012-03-12 00:00:00.0,""911.3"""
"2012-03-13 00:00:00.0,""911.0"""
"2012-03-14 00:00:00.0,""911.5"""
"2012-03-15 00:00:00.0,""911.3"""
"2012-03-16 00:00:00.0,""909.2"""
"2012-03-17 00:00:00.0,""906.8"""
"2012-03-18 00:00:00.0,""911.1"""
"2012-03-19 00:00:00.0,""916.4"""
"2012-03-20 00:00:00.0,""914.3"""
"2012-03-21 00:00:00.0,""907.8"""
"2012-03-22 00:00:00.0,""906.9"""
"2012-03-23 00:00:00.0,""904.3"""
"2012-03-24 00:00:00.0,""906.5"""
"2012-03-25 00:00:00.0,""909.5"""
"2012-03-26 00:00:00.0,""908.3"""
"2012-03-27 00:00:00.0,""910.2"""
"2012-03-28 00:00:00.0,""910.3"""
"2012-03-29 00:00:00.0,""907.3"""
"2012-03-30 00:00:00.0,""904.5"""
"2012-03-31 00:00:00.0,""899.5"""
"2012-04-01 00:00:00.0,""896.7"""
"2012-04-02 00:00:00.0,""895.1"""
"2012-04-03 00:00:00.0,""895.0"""
"2012-04-04 00:00:00.0,""895.7"""
"2012-04-05 00:00:00.0,""894.0"""
"2012-04-06 00:00:00.0,""894.1"""
"2012-04-07 00:00:00.0,""900.8"""
"2012-04-08 00:00:00.0,""904.9"""
"2012-04-09 00:00:00.0,""898.7"""
"2012-04-10 00:00:00.0,""894.1"""
"2012-04-11 00:00:00.0,""895.6"""
"2012-04-12 00:00:00.0,""896.2"""
"2012-04-13 00:00:00.0,""897.4"""
"2012-04-14 00:00:00.0,""895.5"""
"2012-04-15 00:00:00.0,""904.1"""
"2012-04-16 00:00:00.0,""910.6"""
"2012-04-17 00:00:00.0,""905.7"""
"2012-04-18 00:00:00.0,""895.2"""
"2012-04-19 00:00:00.0,""893.1"""
"2012-04-20 00:00:00.0,""897.5"""
"2012-04-21 00:00:00.0,""901.1"""
"2012-04-22 00:00:00.0,""904.1"""
"2012-04-23 00:00:00.0,""901.3"""
"2012-04-24 00:00:00.0,""900.0"""
"2012-04-25 00:00:00.0,""887.0"""
"2012-04-26 00:00:00.0,""893.1"""
"2012-04-27 00:00:00.0,""897.2"""
"2012-04-28 00:00:00.0,""894.3"""
"2012-04-29 00:00:00.0,""896.4"""
"2012-04-30 00:00:00.0,""898.5"""
"2012-05-01 00:00:00.0,""896.7"""
"2012-05-02 00:00:00.0,""897.2"""
"2012-05-03 00:00:00.0,""895.0"""
"2012-05-04 00:00:00.0,""892.3"""
"2012-05-05 00:00:00.0,""896.2"""
"2012-05-06 00:00:00.0,""901.9"""
"2012-05-07 00:00:00.0,""900.8"""
"2012-05-08 00:00:00.0,""901.4"""
"2012-05-09 00:00:00.0,""903.3"""
"2012-05-10 00:00:00.0,""906.2"""
"2012-05-11 00:00:00.0,""910.0"""
"2012-05-12 00:00:00.0,""912.6"""
"2012-05-13 00:00:00.0,""909.8"""
"2012-05-14 00:00:00.0,""907.1"""
"2012-05-15 00:00:00.0,""907.7"""
"2012-05-16 00:00:00.0,""904.4"""
"2012-05-17 00:00:00.0,""899.4"""
"2012-05-18 00:00:00.0,""897.6"""
"2012-05-19 00:00:00.0,""896.3"""
"2012-05-20 00:00:00.0,""898.9"""
"2012-05-21 00:00:00.0,""906.2"""
"2012-05-22 00:00:00.0,""909.2"""
"2012-05-23 00:00:00.0,""909.8"""
"2012-05-24 00:00:00.0,""907.4"""
"2012-05-25 00:00:00.0,""901.5"""
"2012-05-26 00:00:00.0,""904.2"""
"2012-05-27 00:00:00.0,""906.5"""
"2012-05-28 00:00:00.0,""904.8"""
"2012-05-29 00:00:00.0,""904.8"""
"2012-05-30 00:00:00.0,""907.9"""
"2012-05-31 00:00:00.0,""907.0"""
"2012-06-01 00:00:00.0,""903.7"""
"2012-06-02 00:00:00.0,""903.0"""
"2012-06-03 00:00:00.0,""906.1"""
"2012-06-04 00:00:00.0,""907.1"""
"2012-06-05 00:00:00.0,""905.3"""
"2012-06-06 00:00:00.0,""899.2"""
"2012-06-07 00:00:00.0,""896.9"""
"2012-06-08 00:00:00.0,""904.7"""
"2012-06-09 00:00:00.0,""905.8"""
"2012-06-10 00:00:00.0,""904.5"""
"2012-06-11 00:00:00.0,""901.7"""
"2012-06-12 00:00:00.0,""906.0"""
"2012-06-13 00:00:00.0,""905.3"""
"2012-06-14 00:00:00.0,""902.1"""
"2012-06-15 00:00:00.0,""905.0"""
"2012-06-16 00:00:00.0,""907.8"""
"2012-06-17 00:00:00.0,""905.3"""
"2012-06-18 00:00:00.0,""905.2"""
"2012-06-19 00:00:00.0,""902.1"""
"2012-06-20 00:00:00.0,""900.4"""
"2012-06-21 00:00:00.0,""905.4"""
"2012-06-22 00:00:00.0,""910.2"""
"2012-06-23 00:00:00.0,""911.3"""
"2012-06-24 00:00:00.0,""912.3"""
"2012-06-25 00:00:00.0,""910.6"""
"2012-06-26 00:00:00.0,""909.1"""
"2012-06-27 00:00:00.0,""904.8"""
"2012-06-28 00:00:00.0,""901.9"""
"2012-06-29 00:00:00.0,""902.2"""
"2012-06-30 00:00:00.0,""905.9"""
"2012-07-01 00:00:00.0,""909.7"""
"2012-07-02 00:00:00.0,""907.5"""
"2012-07-03 00:00:00.0,""906.2"""
"2012-07-04 00:00:00.0,""903.7"""
"2012-07-05 00:00:00.0,""903.7"""
"2012-07-06 00:00:00.0,""903.7"""
"2012-07-07 00:00:00.0,""902.0"""
"2012-07-08 00:00:00.0,""905.2"""
"2012-07-09 00:00:00.0,""904.9"""
"2012-07-10 00:00:00.0,""906.3"""
"2012-07-11 00:00:00.0,""909.5"""
"2012-07-12 00:00:00.0,""909.7"""
"2012-07-13 00:00:00.0,""905.5"""
"2012-07-14 00:00:00.0,""907.5"""
"2012-07-15 00:00:00.0,""911.2"""
"2012-07-16 00:00:00.0,""914.3"""
"2012-07-17 00:00:00.0,""915.3"""
"2012-07-18 00:00:00.0,""911.4"""
"2012-07-19 00:00:00.0,""907.0"""
"2012-07-20 00:00:00.0,""906.3"""
"2012-07-21 00:00:00.0,""909.4"""
"2012-07-22 00:00:00.0,""909.8"""
"2012-07-23 00:00:00.0,""905.6"""
"2012-07-24 00:00:00.0,""902.5"""
"2012-07-25 00:00:00.0,""903.5"""
"2012-07-26 00:00:00.0,""903.8"""
"2012-07-27 00:00:00.0,""904.3"""
"2012-07-28 00:00:00.0,""905.1"""
"2012-07-29 00:00:00.0,""906.7"""
"2012-07-30 00:00:00.0,""908.2"""
"2012-07-31 00:00:00.0,""905.8"""
"2012-08-01 00:00:00.0,""905.4"""
"2012-08-02 00:00:00.0,""907.5"""
"2012-08-03 00:00:00.0,""907.5"""
"2012-08-04 00:00:00.0,""904.6"""
"2012-08-05 00:00:00.0,""902.9"""
"2012-08-06 00:00:00.0,""908.0"""
"2012-08-07 00:00:00.0,""908.0"""
"2012-08-08 00:00:00.0,""907.3"""
"2012-08-09 00:00:00.0,""908.6"""
"2012-08-10 00:00:00.0,""909.2"""
"2012-08-11 00:00:00.0,""908.8"""
"2012-08-12 00:00:00.0,""906.4"""
"2012-08-13 00:00:00.0,""903.2"""
"2012-08-14 00:00:00.0,""898.2"""
"2012-08-15 00:00:00.0,""901.3"""
"2012-08-16 00:00:00.0,""904.1"""
"2012-08-17 00:00:00.0,""903.6"""
"2012-08-18 00:00:00.0,""904.9"""
"2012-08-19 00:00:00.0,""907.8"""
"2012-08-20 00:00:00.0,""909.7"""
"2012-08-21 00:00:00.0,""908.7"""
"2012-08-22 00:00:00.0,""906.5"""
"2012-08-23 00:00:00.0,""903.9"""
"2012-08-24 00:00:00.0,""902.1"""
"2012-08-25 00:00:00.0,""907.7"""
"2012-08-26 00:00:00.0,""908.7"""
"2012-08-27 00:00:00.0,""905.8"""
"2012-08-28 00:00:00.0,""907.6"""
"2012-08-29 00:00:00.0,""909.4"""
"2012-08-30 00:00:00.0,""913.1"""
"2012-08-31 00:00:00.0,""913.7"""
"2012-09-01 00:00:00.0,""911.6"""
"2012-09-02 00:00:00.0,""911.5"""
"2012-09-03 00:00:00.0,""910.6"""
"2012-09-04 00:00:00.0,""907.9"""
"2012-09-05 00:00:00.0,""906.5"""
"2012-09-06 00:00:00.0,""908.1"""
"2012-09-07 00:00:00.0,""909.5"""
"2012-09-08 00:00:00.0,""908.6"""
"2012-09-09 00:00:00.0,""906.3"""
"2012-09-10 00:00:00.0,""905.2"""
"2012-09-11 00:00:00.0,""908.1"""
"2012-09-12 00:00:00.0,""910.3"""
"2012-09-13 00:00:00.0,""909.7"""
"2012-09-14 00:00:00.0,""907.9"""
"2012-09-15 00:00:00.0,""905.2"""
"2012-09-16 00:00:00.0,""903.7"""
"2012-09-17 00:00:00.0,""904.2"""
"2012-09-18 00:00:00.0,""904.4"""
"2012-09-19 00:00:00.0,""905.2"""
"2012-09-20 00:00:00.0,""903.5"""
"2012-09-21 00:00:00.0,""903.2"""
"2012-09-22 00:00:00.0,""900.1"""
"2012-09-23 00:00:00.0,""894.2"""
"2012-09-24 00:00:00.0,""901.8"""
"2012-09-25 00:00:00.0,""892.7"""
"2012-09-26 00:00:00.0,""895.5"""
"2012-09-27 00:00:00.0,""901.9"""
"2012-09-28 00:00:00.0,""902.0"""
"2012-09-29 00:00:00.0,""905.5"""
"2012-09-30 00:00:00.0,""908.1"""
"2012-10-01 00:00:00.0,""908.8"""
"2012-10-02 00:00:00.0,""909.5"""
"2012-10-03 00:00:00.0,""907.2"""
"2012-10-04 00:00:00.0,""905.3"""
"2012-10-05 00:00:00.0,""904.5"""
"2012-10-06 00:00:00.0,""906.8"""
"2012-10-07 00:00:00.0,""909.5"""
"2012-10-08 00:00:00.0,""907.8"""
"2012-10-09 00:00:00.0,""906.2"""
"2012-10-10 00:00:00.0,""902.9"""
"2012-10-11 00:00:00.0,""901.7"""
"2012-10-12 00:00:00.0,""905.4"""
"2012-10-13 00:00:00.0,""903.0"""
"2012-10-14 00:00:00.0,""899.1"""
"2012-10-15 00:00:00.0,""902.0"""
"2012-10-16 00:00:00.0,""897.5"""
"2012-10-17 00:00:00.0,""892.1"""
"2012-10-18 00:00:00.0,""891.9"""
"2012-10-19 00:00:00.0,""896.3"""
"2012-10-20 00:00:00.0,""899.7"""
"2012-10-21 00:00:00.0,""900.1"""
"2012-10-22 00:00:00.0,""904.7"""
"2012-10-23 00:00:00.0,""904.5"""
"2012-10-24 00:00:00.0,""896.8"""
"2012-10-25 00:00:00.0,""892.4"""
"2012-10-26 00:00:00.0,""891.0"""
"2012-10-27 00:00:00.0,""898.4"""
"2012-10-28 00:00:00.0,""904.3"""
"2012-10-29 00:00:00.0,""897.9"""
"2012-10-30 00:00:00.0,""890.0"""
"2012-10-31 00:00:00.0,""888.0"""
"2012-11-01 00:00:00.0,""890.2"""
"2012-11-02 00:00:00.0,""896.1"""
"2012-11-03 00:00:00.0,""893.5"""
"2012-11-04 00:00:00.0,""895.9"""
"2012-11-05 00:00:00.0,""903.3"""
"2012-11-06 00:00:00.0,""909.4"""
"2012-11-07 00:00:00.0,""906.8"""
"2012-11-08 00:00:00.0,""902.0"""
"2012-11-09 00:00:00.0,""900.3"""
"2012-11-10 00:00:00.0,""897.2"""
"2012-11-11 00:00:00.0,""903.8"""
"2012-11-12 00:00:00.0,""910.8"""
"2012-11-13 00:00:00.0,""907.6"""
"2012-11-14 00:00:00.0,""903.6"""
"2012-11-15 00:00:00.0,""902.4"""
"2012-11-16 00:00:00.0,""898.7"""
"2012-11-17 00:00:00.0,""895.7"""
"2012-11-18 00:00:00.0,""901.2"""
"2012-11-19 00:00:00.0,""901.6"""
"2012-11-20 00:00:00.0,""898.9"""
"2012-11-21 00:00:00.0,""906.4"""
"2012-11-22 00:00:00.0,""905.8"""
"2012-11-23 00:00:00.0,""900.9"""
"2012-11-24 00:00:00.0,""899.1"""
"2012-11-25 00:00:00.0,""903.0"""
"2012-11-26 00:00:00.0,""901.8"""
"2012-11-27 00:00:00.0,""898.9"""
"2012-11-28 00:00:00.0,""900.9"""
"2012-11-29 00:00:00.0,""902.2"""
"2012-11-30 00:00:00.0,""895.3"""
"2012-12-01 00:00:00.0,""902.6"""
"2012-12-02 00:00:00.0,""911.1"""
"2012-12-03 00:00:00.0,""913.1"""
"2012-12-04 00:00:00.0,""909.8"""
"2012-12-05 00:00:00.0,""906.8"""
"2012-12-06 00:00:00.0,""901.9"""
"2012-12-07 00:00:00.0,""903.5"""
"2012-12-08 00:00:00.0,""909.6"""
"2012-12-09 00:00:00.0,""910.2"""
"2012-12-10 00:00:00.0,""907.4"""
"2012-12-11 00:00:00.0,""905.3"""
"2012-12-12 00:00:00.0,""899.3"""
"2012-12-13 00:00:00.0,""892.5"""
"2012-12-14 00:00:00.0,""888.6"""
"2012-12-15 00:00:00.0,""899.4"""
"2012-12-16 00:00:00.0,""904.1"""
"2012-12-17 00:00:00.0,""908.2"""
"2012-12-18 00:00:00.0,""906.5"""
"2012-12-19 00:00:00.0,""902.2"""
"2012-12-20 00:00:00.0,""901.3"""
"2012-12-21 00:00:00.0,""906.3"""
"2012-12-22 00:00:00.0,""908.3"""
"2012-12-23 00:00:00.0,""904.1"""
"2012-12-24 00:00:00.0,""897.2"""
"2012-12-25 00:00:00.0,""902.2"""
"2012-12-26 00:00:00.0,""912.2"""
"2012-12-27 00:00:00.0,""915.6"""
"2012-12-28 00:00:00.0,""912.1"""
"2012-12-29 00:00:00.0,""907.8"""
"2012-12-30 00:00:00.0,""914.1"""
"2012-12-31 00:00:00.0,""904.9"""
"2013-01-01 00:00:00.0,""907.9"""
"2013-01-02 00:00:00.0,""914.1"""
"2013-01-03 00:00:00.0,""919.3"""
"2013-01-04 00:00:00.0,""921.3"""
"2013-01-05 00:00:00.0,""919.0"""
"2013-01-06 00:00:00.0,""915.1"""
"2013-01-07 00:00:00.0,""912.2"""
"2013-01-08 00:00:00.0,""912.0"""
"2013-01-09 00:00:00.0,""908.7"""
"2013-01-10 00:00:00.0,""909.7"""
"2013-01-11 00:00:00.0,""907.0"""
"2013-01-12 00:00:00.0,""902.1"""
"2013-01-13 00:00:00.0,""904.3"""
"2013-01-14 00:00:00.0,""910.0"""
"2013-01-15 00:00:00.0,""907.9"""
"2013-01-16 00:00:00.0,""901.0"""
"2013-01-17 00:00:00.0,""902.2"""
"2013-01-18 00:00:00.0,""889.1"""
"2013-01-19 00:00:00.0,""875.4"""
"2013-01-20 00:00:00.0,""888.9"""
"2013-01-21 00:00:00.0,""895.5"""
"2013-01-22 00:00:00.0,""891.1"""
"2013-01-23 00:00:00.0,""900.2"""
"2013-01-24 00:00:00.0,""902.2"""
"2013-01-25 00:00:00.0,""901.8"""
"2013-01-26 00:00:00.0,""907.0"""
"2013-01-27 00:00:00.0,""902.8"""
"2013-01-28 00:00:00.0,""910.4"""
"2013-01-29 00:00:00.0,""910.3"""
"2013-01-30 00:00:00.0,""912.0"""
"2013-01-31 00:00:00.0,""914.5"""
"2013-02-01 00:00:00.0,""906.1"""
"2013-02-02 00:00:00.0,""909.9"""
"2013-02-03 00:00:00.0,""915.9"""
"2013-02-04 00:00:00.0,""916.6"""
"2013-02-05 00:00:00.0,""913.3"""
"2013-02-06 00:00:00.0,""909.5"""
"2013-02-07 00:00:00.0,""912.5"""
"2013-02-08 00:00:00.0,""909.5"""
"2013-02-09 00:00:00.0,""910.9"""
"2013-02-10 00:00:00.0,""899.2"""
"2013-02-11 00:00:00.0,""898.8"""
"2013-02-12 00:00:00.0,""905.2"""
"2013-02-13 00:00:00.0,""910.7"""
"2013-02-14 00:00:00.0,""910.5"""
"2013-02-15 00:00:00.0,""907.3"""
"2013-02-16 00:00:00.0,""903.3"""
"2013-02-17 00:00:00.0,""897.0"""
"2013-02-18 00:00:00.0,""895.8"""
"2013-02-19 00:00:00.0,""895.7"""
"2013-02-20 00:00:00.0,""898.5"""
"2013-02-21 00:00:00.0,""894.5"""
"2013-02-22 00:00:00.0,""889.6"""
"2013-02-23 00:00:00.0,""900.0"""
"2013-02-24 00:00:00.0,""907.0"""
"2013-02-25 00:00:00.0,""908.0"""
"2013-02-26 00:00:00.0,""906.5"""
"2013-02-27 00:00:00.0,""901.5"""
"2013-02-28 00:00:00.0,""901.3"""
"2013-03-01 00:00:00.0,""903.0"""
"2013-03-02 00:00:00.0,""901.5"""
"2013-03-03 00:00:00.0,""896.0"""
"2013-03-04 00:00:00.0,""884.2"""
"2013-03-05 00:00:00.0,""880.6"""
"2013-03-06 00:00:00.0,""882.5"""
"2013-03-07 00:00:00.0,""883.9"""
"2013-03-08 00:00:00.0,""889.1"""
"2013-03-09 00:00:00.0,""887.6"""
"2013-03-10 00:00:00.0,""888.1"""
"2013-03-11 00:00:00.0,""890.4"""
"2013-03-12 00:00:00.0,""890.1"""
"2013-03-13 00:00:00.0,""899.1"""
"2013-03-14 00:00:00.0,""905.7"""
"2013-03-15 00:00:00.0,""902.3"""
"2013-03-16 00:00:00.0,""892.8"""
"2013-03-17 00:00:00.0,""888.8"""
"2013-03-18 00:00:00.0,""893.1"""
"2013-03-19 00:00:00.0,""890.3"""
"2013-03-20 00:00:00.0,""898.4"""
"2013-03-21 00:00:00.0,""894.6"""
"2013-03-22 00:00:00.0,""889.3"""
"2013-03-23 00:00:00.0,""887.4"""
"2013-03-24 00:00:00.0,""890.8"""
"2013-03-25 00:00:00.0,""892.4"""
"2013-03-26 00:00:00.0,""890.3"""
"2013-03-27 00:00:00.0,""888.6"""
"2013-03-28 00:00:00.0,""893.7"""
"2013-03-29 00:00:00.0,""893.6"""
"2013-03-30 00:00:00.0,""899.1"""
"2013-03-31 00:00:00.0,""890.3"""
"2013-04-01 00:00:00.0,""890.3"""
"2013-04-02 00:00:00.0,""894.6"""
"2013-04-03 00:00:00.0,""888.0"""
"2013-04-04 00:00:00.0,""890.1"""
"2013-04-05 00:00:00.0,""899.4"""
"2013-04-06 00:00:00.0,""906.5"""
"2013-04-07 00:00:00.0,""901.0"""
"2013-04-08 00:00:00.0,""896.0"""
"2013-04-09 00:00:00.0,""897.7"""
"2013-04-10 00:00:00.0,""898.5"""
"2013-04-11 00:00:00.0,""896.9"""
"2013-04-12 00:00:00.0,""900.9"""
"2013-04-13 00:00:00.0,""904.1"""
"2013-04-14 00:00:00.0,""904.6"""
"2013-04-15 00:00:00.0,""908.3"""
"2013-04-16 00:00:00.0,""908.8"""
"2013-04-17 00:00:00.0,""907.9"""
"2013-04-18 00:00:00.0,""910.9"""
"2013-04-19 00:00:00.0,""910.9"""
"2013-04-20 00:00:00.0,""908.8"""
"2013-04-21 00:00:00.0,""906.8"""
"2013-04-22 00:00:00.0,""907.3"""
"2013-04-23 00:00:00.0,""906.8"""
"2013-04-24 00:00:00.0,""908.0"""
"2013-04-25 00:00:00.0,""907.3"""
"2013-04-26 00:00:00.0,""904.8"""
"2013-04-27 00:00:00.0,""900.9"""
"2013-04-28 00:00:00.0,""901.7"""
"2013-04-29 00:00:00.0,""900.4"""
"2013-04-30 00:00:00.0,""901.3"""
"2013-05-01 00:00:00.0,""904.6"""
"2013-05-02 00:00:00.0,""906.2"""
"2013-05-03 00:00:00.0,""906.2"""
"2013-05-04 00:00:00.0,""907.2"""
"2013-05-05 00:00:00.0,""907.8"""
"2013-05-06 00:00:00.0,""905.5"""
"2013-05-07 00:00:00.0,""903.8"""
"2013-05-08 00:00:00.0,""903.8"""
"2013-05-09 00:00:00.0,""905.0"""
"2013-05-10 00:00:00.0,""907.8"""
"2013-05-11 00:00:00.0,""909.3"""
"2013-05-12 00:00:00.0,""909.3"""
"2013-05-13 00:00:00.0,""907.2"""
"2013-05-14 00:00:00.0,""899.4"""
"2013-05-15 00:00:00.0,""894.8"""
"2013-05-16 00:00:00.0,""890.5"""
"2013-05-17 00:00:00.0,""887.8"""
"2013-05-18 00:00:00.0,""897.9"""
"2013-05-19 00:00:00.0,""904.0"""
"2013-05-20 00:00:00.0,""906.2"""
"2013-05-21 00:00:00.0,""906.5"""
"2013-05-22 00:00:00.0,""908.1"""
"2013-05-23 00:00:00.0,""907.1"""
"2013-05-24 00:00:00.0,""906.8"""
"2013-05-25 00:00:00.0,""906.1"""
"2013-05-26 00:00:00.0,""902.5"""
"2013-05-27 00:00:00.0,""899.0"""
"2013-05-28 00:00:00.0,""901.7"""
"2013-05-29 00:00:00.0,""903.1"""
"2013-05-30 00:00:00.0,""908.7"""
"2013-05-31 00:00:00.0,""910.8"""
"2013-06-01 00:00:00.0,""911.2"""
"2013-06-02 00:00:00.0,""908.8"""
"2013-06-03 00:00:00.0,""906.1"""
"2013-06-04 00:00:00.0,""902.6"""
"2013-06-05 00:00:00.0,""901.3"""
"2013-06-06 00:00:00.0,""902.0"""
"2013-06-07 00:00:00.0,""902.6"""
"2013-06-08 00:00:00.0,""902.6"""
"2013-06-09 00:00:00.0,""903.8"""
"2013-06-10 00:00:00.0,""904.8"""
"2013-06-11 00:00:00.0,""907.3"""
"2013-06-12 00:00:00.0,""908.9"""
"2013-06-13 00:00:00.0,""908.4"""
"2013-06-14 00:00:00.0,""906.4"""
"2013-06-15 00:00:00.0,""906.2"""
"2013-06-16 00:00:00.0,""900.6"""
"2013-06-17 00:00:00.0,""898.0"""
"2013-06-18 00:00:00.0,""901.8"""
"2013-06-19 00:00:00.0,""905.7"""
"2013-06-20 00:00:00.0,""907.2"""
"2013-06-21 00:00:00.0,""909.2"""
"2013-06-22 00:00:00.0,""911.5"""
"2013-06-23 00:00:00.0,""912.3"""
"2013-06-24 00:00:00.0,""911.4"""
"2013-06-25 00:00:00.0,""911.1"""
"2013-06-26 00:00:00.0,""910.4"""
"2013-06-27 00:00:00.0,""910.7"""
"2013-06-28 00:00:00.0,""912.2"""
"2013-06-29 00:00:00.0,""912.9"""
"2013-06-30 00:00:00.0,""909.3"""
"2013-07-01 00:00:00.0,""905.5"""
"2013-07-02 00:00:00.0,""906.8"""
"2013-07-03 00:00:00.0,""910.5"""
"2013-07-04 00:00:00.0,""911.1"""
"2013-07-05 00:00:00.0,""910.8"""
"2013-07-06 00:00:00.0,""911.0"""
"2013-07-07 00:00:00.0,""911.0"""
"2013-07-08 00:00:00.0,""909.1"""
"2013-07-09 00:00:00.0,""906.5"""
"2013-07-10 00:00:00.0,""903.6"""
"2013-07-11 00:00:00.0,""902.2"""
"2013-07-12 00:00:00.0,""903.9"""
"2013-07-13 00:00:00.0,""906.6"""
"2013-07-14 00:00:00.0,""908.3"""
"2013-07-15 00:00:00.0,""908.7"""
"2013-07-16 00:00:00.0,""909.5"""
"2013-07-17 00:00:00.0,""910.3"""
"2013-07-18 00:00:00.0,""907.6"""
"2013-07-19 00:00:00.0,""904.8"""
"2013-07-20 00:00:00.0,""904.0"""
"2013-07-21 00:00:00.0,""905.0"""
"2013-07-22 00:00:00.0,""905.5"""
"2013-07-23 00:00:00.0,""905.5"""
"2013-07-24 00:00:00.0,""906.4"""
"2013-07-25 00:00:00.0,""905.1"""
"2013-07-26 00:00:00.0,""901.5"""
"2013-07-27 00:00:00.0,""898.8"""
"2013-07-28 00:00:00.0,""902.7"""
"2013-07-29 00:00:00.0,""911.1"""
"2013-07-30 00:00:00.0,""911.7"""
"2013-07-31 00:00:00.0,""905.6"""
"2013-08-01 00:00:00.0,""901.3"""
"2013-08-02 00:00:00.0,""904.4"""
"2013-08-03 00:00:00.0,""909.5"""
"2013-08-04 00:00:00.0,""909.1"""
"2013-08-05 00:00:00.0,""907.0"""
"2013-08-06 00:00:00.0,""905.4"""
"2013-08-07 00:00:00.0,""904.1"""
"2013-08-08 00:00:00.0,""910.7"""
"2013-08-09 00:00:00.0,""913.0"""
"2013-08-10 00:00:00.0,""910.5"""
"2013-08-11 00:00:00.0,""907.0"""
"2013-08-12 00:00:00.0,""905.4"""
"2013-08-13 00:00:00.0,""907.2"""
"2013-08-14 00:00:00.0,""907.4"""
"2013-08-15 00:00:00.0,""907.2"""
"2013-08-16 00:00:00.0,""908.7"""
"2013-08-17 00:00:00.0,""908.5"""
"2013-08-18 00:00:00.0,""908.1"""
"2013-08-19 00:00:00.0,""909.8"""
"2013-08-20 00:00:00.0,""908.9"""
"2013-08-21 00:00:00.0,""906.8"""
"2013-08-22 00:00:00.0,""905.7"""
"2013-08-23 00:00:00.0,""906.6"""
"2013-08-24 00:00:00.0,""908.1"""
"2013-08-25 00:00:00.0,""905.4"""
"2013-08-26 00:00:00.0,""902.0"""
"2013-08-27 00:00:00.0,""904.5"""
"2013-08-28 00:00:00.0,""905.9"""
"2013-08-29 00:00:00.0,""908.1"""
"2013-08-30 00:00:00.0,""909.8"""
"2013-08-31 00:00:00.0,""911.0"""
"2013-09-01 00:00:00.0,""911.2"""
"2013-09-02 00:00:00.0,""911.3"""
"2013-09-03 00:00:00.0,""910.8"""
"2013-09-04 00:00:00.0,""907.0"""
"2013-09-05 00:00:00.0,""903.8"""
"2013-09-06 00:00:00.0,""903.7"""
"2013-09-07 00:00:00.0,""904.1"""
"2013-09-08 00:00:00.0,""909.7"""
"2013-09-09 00:00:00.0,""912.5"""
"2013-09-10 00:00:00.0,""909.8"""
"2013-09-11 00:00:00.0,""908.3"""
"2013-09-12 00:00:00.0,""909.4"""
"2013-09-13 00:00:00.0,""910.8"""
"2013-09-14 00:00:00.0,""909.4"""
"2013-09-15 00:00:00.0,""907.0"""
"2013-09-16 00:00:00.0,""905.5"""
"2013-09-17 00:00:00.0,""906.4"""
"2013-09-18 00:00:00.0,""907.4"""
"2013-09-19 00:00:00.0,""908.4"""
"2013-09-20 00:00:00.0,""909.3"""
"2013-09-21 00:00:00.0,""910.7"""
"2013-09-22 00:00:00.0,""910.2"""
"2013-09-23 00:00:00.0,""906.3"""
"2013-09-24 00:00:00.0,""903.2"""
"2013-09-25 00:00:00.0,""900.5"""
"2013-09-26 00:00:00.0,""899.2"""
"2013-09-27 00:00:00.0,""895.2"""
"2013-09-28 00:00:00.0,""891.4"""
"2013-09-29 00:00:00.0,""896.0"""
"2013-09-30 00:00:00.0,""895.8"""
"2013-10-01 00:00:00.0,""896.5"""
"2013-10-02 00:00:00.0,""896.5"""
"2013-10-03 00:00:00.0,""896.5"""
"2013-10-04 00:00:00.0,""905.4"""
"2013-10-05 00:00:00.0,""911.7"""
"2013-10-06 00:00:00.0,""911.6"""
"2013-10-07 00:00:00.0,""910.1"""
"2013-10-08 00:00:00.0,""910.1"""
"2013-10-09 00:00:00.0,""908.9"""
"2013-10-10 00:00:00.0,""905.7"""
"2013-10-11 00:00:00.0,""902.4"""
"2013-10-12 00:00:00.0,""903.9"""
"2013-10-13 00:00:00.0,""906.6"""
"2013-10-14 00:00:00.0,""906.2"""
"2013-10-15 00:00:00.0,""905.6"""
"2013-10-16 00:00:00.0,""908.2"""
"2013-10-17 00:00:00.0,""904.9"""
"2013-10-18 00:00:00.0,""898.3"""
"2013-10-19 00:00:00.0,""899.5"""
"2013-10-20 00:00:00.0,""902.7"""
"2013-10-21 00:00:00.0,""896.6"""
"2013-10-22 00:00:00.0,""890.7"""
"2013-10-23 00:00:00.0,""898.8"""
"2013-10-24 00:00:00.0,""894.3"""
"2013-10-25 00:00:00.0,""897.4"""
"2013-10-26 00:00:00.0,""904.8"""
"2013-10-27 00:00:00.0,""907.5"""
"2013-10-28 00:00:00.0,""905.5"""
"2013-10-29 00:00:00.0,""910.3"""
"2013-10-30 00:00:00.0,""911.2"""
"2013-10-31 00:00:00.0,""910.8"""
"2013-11-01 00:00:00.0,""906.3"""
"2013-11-02 00:00:00.0,""904.5"""
"2013-11-03 00:00:00.0,""907.3"""
"2013-11-04 00:00:00.0,""902.3"""
"2013-11-05 00:00:00.0,""907.8"""
"2013-11-06 00:00:00.0,""907.2"""
"2013-11-07 00:00:00.0,""904.6"""
"2013-11-08 00:00:00.0,""906.3"""
"2013-11-09 00:00:00.0,""911.3"""
"2013-11-10 00:00:00.0,""916.2"""
"2013-11-11 00:00:00.0,""915.5"""
"2013-11-12 00:00:00.0,""912.6"""
"2013-11-13 00:00:00.0,""913.0"""
"2013-11-14 00:00:00.0,""916.1"""
"2013-11-15 00:00:00.0,""912.0"""
"2013-11-16 00:00:00.0,""907.2"""
"2013-11-17 00:00:00.0,""904.3"""
"2013-11-18 00:00:00.0,""900.3"""
"2013-11-19 00:00:00.0,""904.4"""
"2013-11-20 00:00:00.0,""906.7"""
"2013-11-21 00:00:00.0,""900.5"""
"2013-11-22 00:00:00.0,""899.4"""
"2013-11-23 00:00:00.0,""902.6"""
"2013-11-24 00:00:00.0,""907.0"""
"2013-11-25 00:00:00.0,""911.3"""
"2013-11-26 00:00:00.0,""911.2"""
"2013-11-27 00:00:00.0,""909.8"""
"2013-11-28 00:00:00.0,""911.3"""
"2013-11-29 00:00:00.0,""913.8"""
"2013-11-30 00:00:00.0,""909.3"""
"2013-12-01 00:00:00.0,""907.5"""
"2013-12-02 00:00:00.0,""907.2"""
"2013-12-03 00:00:00.0,""909.9"""
"2013-12-04 00:00:00.0,""913.5"""
"2013-12-05 00:00:00.0,""914.2"""
"2013-12-06 00:00:00.0,""912.2"""
"2013-12-07 00:00:00.0,""910.0"""
"2013-12-08 00:00:00.0,""910.8"""
"2013-12-09 00:00:00.0,""911.8"""
"2013-12-10 00:00:00.0,""911.2"""
"2013-12-11 00:00:00.0,""909.2"""
"2013-12-12 00:00:00.0,""911.4"""
"2013-12-13 00:00:00.0,""912.3"""
"2013-12-14 00:00:00.0,""916.2"""
"2013-12-15 00:00:00.0,""914.4"""
"2013-12-16 00:00:00.0,""909.7"""
"2013-12-17 00:00:00.0,""909.2"""
"2013-12-18 00:00:00.0,""905.6"""
"2013-12-19 00:00:00.0,""903.1"""
"2013-12-20 00:00:00.0,""915.2"""
"2013-12-21 00:00:00.0,""914.4"""
"2013-12-22 00:00:00.0,""912.9"""
"2013-12-23 00:00:00.0,""903.7"""
"2013-12-24 00:00:00.0,""885.5"""
"2013-12-25 00:00:00.0,""885.4"""
"2013-12-26 00:00:00.0,""898.6"""
"2013-12-27 00:00:00.0,""893.9"""
"2013-12-28 00:00:00.0,""901.4"""
"2013-12-29 00:00:00.0,""911.6"""
"2013-12-30 00:00:00.0,""907.1"""
"2013-12-31 00:00:00.0,""901.3"""
"2014-01-01 00:00:00.0,""896.1"""
"2014-01-02 00:00:00.0,""896.0"""
"2014-01-03 00:00:00.0,""900.3"""
"2014-01-04 00:00:00.0,""896.1"""
"2014-01-05 00:00:00.0,""901.1"""
"2014-01-06 00:00:00.0,""897.9"""
"2014-01-07 00:00:00.0,""900.1"""
"2014-01-08 00:00:00.0,""901.1"""
"2014-01-09 00:00:00.0,""903.3"""
"2014-01-10 00:00:00.0,""901.8"""
"2014-01-11 00:00:00.0,""902.8"""
"2014-01-12 00:00:00.0,""904.1"""
"2014-01-13 00:00:00.0,""903.7"""
"2014-01-14 00:00:00.0,""902.6"""
"2014-01-15 00:00:00.0,""897.5"""
"2014-01-16 00:00:00.0,""891.9"""
"2014-01-17 00:00:00.0,""882.5"""
"2014-01-18 00:00:00.0,""881.5"""
"2014-01-19 00:00:00.0,""890.3"""
"2014-01-20 00:00:00.0,""902.3"""
"2014-01-21 00:00:00.0,""899.7"""
"2014-01-22 00:00:00.0,""903.7"""
"2014-01-23 00:00:00.0,""913.3"""
"2014-01-24 00:00:00.0,""915.2"""
"2014-01-25 00:00:00.0,""915.2"""
"2014-01-26 00:00:00.0,""910.2"""
"2014-01-27 00:00:00.0,""902.0"""
"2014-01-28 00:00:00.0,""890.4"""
"2014-01-29 00:00:00.0,""888.9"""
"2014-01-30 00:00:00.0,""897.8"""
"2014-01-31 00:00:00.0,""897.0"""
"2014-02-01 00:00:00.0,""898.9"""
"2014-02-02 00:00:00.0,""901.0"""
"2014-02-03 00:00:00.0,""891.8"""
"2014-02-04 00:00:00.0,""888.3"""
"2014-02-05 00:00:00.0,""892.0"""
"2014-02-06 00:00:00.0,""887.0"""
"2014-02-07 00:00:00.0,""896.1"""
"2014-02-08 00:00:00.0,""892.4"""
"2014-02-09 00:00:00.0,""883.4"""
"2014-02-10 00:00:00.0,""897.3"""
"2014-02-11 00:00:00.0,""897.7"""
"2014-02-12 00:00:00.0,""899.3"""
"2014-02-13 00:00:00.0,""899.2"""
"2014-02-14 00:00:00.0,""890.6"""
"2014-02-15 00:00:00.0,""896.7"""
"2014-02-16 00:00:00.0,""900.8"""
"2014-02-17 00:00:00.0,""894.5"""
"2014-02-18 00:00:00.0,""902.5"""
"2014-02-19 00:00:00.0,""907.8"""
"2014-02-20 00:00:00.0,""904.2"""
"2014-02-21 00:00:00.0,""905.9"""
"2014-02-22 00:00:00.0,""906.4"""
"2014-02-23 00:00:00.0,""897.9"""
"2014-02-24 00:00:00.0,""898.1"""
"2014-02-25 00:00:00.0,""902.0"""
"2014-02-26 00:00:00.0,""910.2"""
"2014-02-27 00:00:00.0,""911.8"""
"2014-02-28 00:00:00.0,""907.6"""
"2014-03-01 00:00:00.0,""895.7"""
"2014-03-02 00:00:00.0,""895.0"""
"2014-03-03 00:00:00.0,""898.0"""
"2014-03-04 00:00:00.0,""902.9"""
"2014-03-05 00:00:00.0,""907.1"""
"2014-03-06 00:00:00.0,""908.5"""
"2014-03-07 00:00:00.0,""908.4"""
"2014-03-08 00:00:00.0,""906.1"""
"2014-03-09 00:00:00.0,""906.2"""
"2014-03-10 00:00:00.0,""908.6"""
"2014-03-11 00:00:00.0,""907.5"""
"2014-03-12 00:00:00.0,""909.1"""
"2014-03-13 00:00:00.0,""910.3"""
"2014-03-14 00:00:00.0,""912.3"""
"2014-03-15 00:00:00.0,""915.4"""
"2014-03-16 00:00:00.0,""912.7"""
"2014-03-17 00:00:00.0,""909.3"""
"2014-03-18 00:00:00.0,""910.0"""
"2014-03-19 00:00:00.0,""907.9"""
"2014-03-20 00:00:00.0,""905.5"""
"2014-03-21 00:00:00.0,""903.9"""
"2014-03-22 00:00:00.0,""903.5"""
"2014-03-23 00:00:00.0,""906.2"""
"2014-03-24 00:00:00.0,""905.2"""
"2014-03-25 00:00:00.0,""907.9"""
"2014-03-26 00:00:00.0,""906.2"""
"2014-03-27 00:00:00.0,""896.1"""
"2014-03-28 00:00:00.0,""892.0"""
"2014-03-29 00:00:00.0,""891.5"""
"2014-03-30 00:00:00.0,""893.1"""
"2014-03-31 00:00:00.0,""893.7"""
"2014-04-01 00:00:00.0,""887.0"""
"2014-04-02 00:00:00.0,""885.8"""
"2014-04-03 00:00:00.0,""893.1"""
"2014-04-04 00:00:00.0,""900.8"""
"2014-04-05 00:00:00.0,""906.5"""
"2014-04-06 00:00:00.0,""905.3"""
"2014-04-07 00:00:00.0,""905.3"""
"2014-04-08 00:00:00.0,""908.8"""
"2014-04-09 00:00:00.0,""906.9"""
"2014-04-10 00:00:00.0,""903.9"""
"2014-04-11 00:00:00.0,""902.8"""
"2014-04-12 00:00:00.0,""904.2"""
"2014-04-13 00:00:00.0,""907.1"""
"2014-04-14 00:00:00.0,""904.3"""
"2014-04-15 00:00:00.0,""903.8"""
"2014-04-16 00:00:00.0,""906.4"""
"2014-04-17 00:00:00.0,""906.9"""
"2014-04-18 00:00:00.0,""903.3"""
"2014-04-19 00:00:00.0,""896.6"""
"2014-04-20 00:00:00.0,""892.0"""
"2014-04-21 00:00:00.0,""892.7"""
"2014-04-22 00:00:00.0,""900.0"""
"2014-04-23 00:00:00.0,""905.0"""
"2014-04-24 00:00:00.0,""903.9"""
"2014-04-25 00:00:00.0,""905.7"""
"2014-04-26 00:00:00.0,""904.2"""
"2014-04-27 00:00:00.0,""907.2"""
"2014-04-28 00:00:00.0,""906.1"""
"2014-04-29 00:00:00.0,""905.3"""
"2014-04-30 00:00:00.0,""905.2"""
"2014-05-01 00:00:00.0,""907.1"""
"2014-05-02 00:00:00.0,""908.6"""
"2014-05-03 00:00:00.0,""906.5"""
"2014-05-04 00:00:00.0,""903.2"""
"2014-05-05 00:00:00.0,""901.2"""
"2014-05-06 00:00:00.0,""903.8"""
"2014-05-07 00:00:00.0,""907.7"""
"2014-05-08 00:00:00.0,""909.2"""
"2014-05-09 00:00:00.0,""910.3"""
"2014-05-10 00:00:00.0,""909.6"""
"2014-05-11 00:00:00.0,""908.3"""
"2014-05-12 00:00:00.0,""906.3"""
"2014-05-13 00:00:00.0,""910.0"""
"2014-05-14 00:00:00.0,""911.0"""
"2014-05-15 00:00:00.0,""908.3"""
"2014-05-16 00:00:00.0,""905.0"""
"2014-05-17 00:00:00.0,""903.0"""
"2014-05-18 00:00:00.0,""897.4"""
"2014-05-19 00:00:00.0,""891.4"""
"2014-05-20 00:00:00.0,""891.7"""
"2014-05-21 00:00:00.0,""887.8"""
"2014-05-22 00:00:00.0,""896.8"""
"2014-05-23 00:00:00.0,""902.5"""
"2014-05-24 00:00:00.0,""903.3"""
"2014-05-25 00:00:00.0,""904.7"""
"2014-05-26 00:00:00.0,""908.3"""
"2014-05-27 00:00:00.0,""905.2"""
"2014-05-28 00:00:00.0,""905.0"""
"2014-05-29 00:00:00.0,""906.0"""
"2014-05-30 00:00:00.0,""909.5"""
"2014-05-31 00:00:00.0,""909.5"""
"2014-06-01 00:00:00.0,""909.8"""
"2014-06-02 00:00:00.0,""908.9"""
"2014-06-03 00:00:00.0,""906.3"""
"2014-06-04 00:00:00.0,""903.9"""
"2014-06-05 00:00:00.0,""898.1"""
"2014-06-06 00:00:00.0,""894.7"""
"2014-06-07 00:00:00.0,""900.2"""
"2014-06-08 00:00:00.0,""904.7"""
"2014-06-09 00:00:00.0,""904.9"""
"2014-06-10 00:00:00.0,""907.1"""
"2014-06-11 00:00:00.0,""909.1"""
"2014-06-12 00:00:00.0,""910.8"""
"2014-06-13 00:00:00.0,""909.9"""
"2014-06-14 00:00:00.0,""907.1"""
"2014-06-15 00:00:00.0,""905.8"""
"2014-06-16 00:00:00.0,""904.7"""
"2014-06-17 00:00:00.0,""904.2"""
"2014-06-18 00:00:00.0,""904.6"""
"2014-06-19 00:00:00.0,""903.9"""
"2014-06-20 00:00:00.0,""902.7"""
"2014-06-21 00:00:00.0,""902.8"""
"2014-06-22 00:00:00.0,""905.5"""
"2014-06-23 00:00:00.0,""906.1"""
"2014-06-24 00:00:00.0,""905.4"""
"2014-06-25 00:00:00.0,""905.6"""
"2014-06-26 00:00:00.0,""906.0"""
"2014-06-27 00:00:00.0,""905.4"""
"2014-06-28 00:00:00.0,""903.6"""
"2014-06-29 00:00:00.0,""909.0"""
"2014-06-30 00:00:00.0,""905.7"""
"2014-07-01 00:00:00.0,""902.5"""
"2014-07-02 00:00:00.0,""905.8"""
"2014-07-03 00:00:00.0,""907.1"""
"2014-07-04 00:00:00.0,""906.6"""
"2014-07-05 00:00:00.0,""904.0"""
"2014-07-06 00:00:00.0,""903.2"""
"2014-07-07 00:00:00.0,""908.2"""
"2014-07-08 00:00:00.0,""909.9"""
"2014-07-09 00:00:00.0,""909.0"""
"2014-07-10 00:00:00.0,""909.0"""
"2014-07-11 00:00:00.0,""909.0"""
"2014-07-12 00:00:00.0,""907.7"""
"2014-07-13 00:00:00.0,""907.7"""
"2014-07-14 00:00:00.0,""907.9"""
"2014-07-15 00:00:00.0,""907.5"""
"2014-07-16 00:00:00.0,""906.7"""
"2014-07-17 00:00:00.0,""905.2"""
"2014-07-18 00:00:00.0,""901.8"""
"2014-07-19 00:00:00.0,""899.6"""
"2014-07-20 00:00:00.0,""907.6"""
"2014-07-21 00:00:00.0,""910.1"""
"2014-07-22 00:00:00.0,""906.8"""
"2014-07-23 00:00:00.0,""903.7"""
"2014-07-24 00:00:00.0,""903.0"""
"2014-07-25 00:00:00.0,""902.7"""
"2014-07-26 00:00:00.0,""905.0"""
"2014-07-27 00:00:00.0,""907.2"""
"2014-07-28 00:00:00.0,""906.9"""
"2014-07-29 00:00:00.0,""906.3"""
"2014-07-30 00:00:00.0,""904.8"""
"2014-07-31 00:00:00.0,""903.9"""
"2014-08-01 00:00:00.0,""902.2"""
"2014-08-02 00:00:00.0,""900.1"""
"2014-08-03 00:00:00.0,""903.1"""
"2014-08-04 00:00:00.0,""907.0"""
"2014-08-05 00:00:00.0,""909.4"""
"2014-08-06 00:00:00.0,""909.0"""
"2014-08-07 00:00:00.0,""907.0"""
"2014-08-08 00:00:00.0,""903.3"""
"2014-08-09 00:00:00.0,""901.6"""
"2014-08-10 00:00:00.0,""903.3"""
"2014-08-11 00:00:00.0,""907.7"""
"2014-08-12 00:00:00.0,""905.5"""
"2014-08-13 00:00:00.0,""907.4"""
"2014-08-14 00:00:00.0,""908.9"""
"2014-08-15 00:00:00.0,""909.3"""
"2014-08-16 00:00:00.0,""909.5"""
"2014-08-17 00:00:00.0,""905.6"""
"2014-08-18 00:00:00.0,""902.2"""
"2014-08-19 00:00:00.0,""904.0"""
"2014-08-20 00:00:00.0,""906.1"""
"2014-08-21 00:00:00.0,""905.0"""
"2014-08-22 00:00:00.0,""905.8"""
"2014-08-23 00:00:00.0,""907.8"""
"2014-08-24 00:00:00.0,""907.9"""
"2014-08-25 00:00:00.0,""906.5"""
"2014-08-26 00:00:00.0,""905.4"""
"2014-08-27 00:00:00.0,""906.3"""
"2014-08-28 00:00:00.0,""907.2"""
"2014-08-29 00:00:00.0,""908.1"""
"2014-08-30 00:00:00.0,""906.7"""
"2014-08-31 00:00:00.0,""906.9"""
"2014-09-01 00:00:00.0,""906.4"""
"2014-09-02 00:00:00.0,""903.6"""
"2014-09-03 00:00:00.0,""903.2"""
"2014-09-04 00:00:00.0,""904.4"""
"2014-09-05 00:00:00.0,""904.3"""
"2014-09-06 00:00:00.0,""901.9"""
"2014-09-07 00:00:00.0,""900.9"""
"2014-09-08 00:00:00.0,""904.1"""
"2014-09-09 00:00:00.0,""905.0"""
"2014-09-10 00:00:00.0,""902.8"""
"2014-09-11 00:00:00.0,""903.9"""
"2014-09-12 00:00:00.0,""905.5"""
"2014-09-13 00:00:00.0,""906.1"""
"2014-09-14 00:00:00.0,""902.6"""
"2014-09-15 00:00:00.0,""900.2"""
"2014-09-16 00:00:00.0,""892.5"""
"2014-09-17 00:00:00.0,""891.6"""
"2014-09-18 00:00:00.0,""892.4"""
"2014-09-19 00:00:00.0,""896.8"""
"2014-09-20 00:00:00.0,""904.1"""
"2014-09-21 00:00:00.0,""906.6"""
"2014-09-22 00:00:00.0,""903.7"""
"2014-09-23 00:00:00.0,""903.9"""
"2014-09-24 00:00:00.0,""906.2"""
"2014-09-25 00:00:00.0,""908.6"""
"2014-09-26 00:00:00.0,""909.6"""
"2014-09-27 00:00:00.0,""908.0"""
"2014-09-28 00:00:00.0,""908.5"""
"2014-09-29 00:00:00.0,""910.9"""
"2014-09-30 00:00:00.0,""912.5"""
"2014-10-01 00:00:00.0,""912.8"""
"2014-10-02 00:00:00.0,""911.8"""
"2014-10-03 00:00:00.0,""910.0"""
"2014-10-04 00:00:00.0,""908.3"""
"2014-10-05 00:00:00.0,""905.1"""
"2014-10-06 00:00:00.0,""900.2"""
"2014-10-07 00:00:00.0,""898.4"""
"2014-10-08 00:00:00.0,""895.5"""
"2014-10-09 00:00:00.0,""899.5"""
"2014-10-10 00:00:00.0,""901.2"""
"2014-10-11 00:00:00.0,""897.6"""
"2014-10-12 00:00:00.0,""893.4"""
"2014-10-13 00:00:00.0,""894.7"""
"2014-10-14 00:00:00.0,""896.2"""
"2014-10-15 00:00:00.0,""896.0"""
"2014-10-16 00:00:00.0,""897.5"""
"2014-10-17 00:00:00.0,""899.5"""
"2014-10-18 00:00:00.0,""903.2"""
"2014-10-19 00:00:00.0,""907.7"""
"2014-10-20 00:00:00.0,""910.6"""
"2014-10-21 00:00:00.0,""915.1"""
"2014-10-22 00:00:00.0,""916.2"""
"2014-10-23 00:00:00.0,""912.9"""
"2014-10-24 00:00:00.0,""909.0"""
"2014-10-25 00:00:00.0,""908.8"""
"2014-10-26 00:00:00.0,""909.2"""
"2014-10-27 00:00:00.0,""906.6"""
"2014-10-28 00:00:00.0,""902.3"""
"2014-10-29 00:00:00.0,""903.8"""
"2014-10-30 00:00:00.0,""907.0"""
"2014-10-31 00:00:00.0,""906.8"""
"2014-11-01 00:00:00.0,""909.6"""
"2014-11-02 00:00:00.0,""905.5"""
"2014-11-03 00:00:00.0,""893.7"""
"2014-11-04 00:00:00.0,""892.2"""
"2014-11-05 00:00:00.0,""901.0"""
"2014-11-06 00:00:00.0,""900.5"""
"2014-11-07 00:00:00.0,""901.6"""
"2014-11-08 00:00:00.0,""897.1"""
"2014-11-09 00:00:00.0,""898.8"""
"2014-11-10 00:00:00.0,""893.9"""
"2014-11-11 00:00:00.0,""886.8"""
"2014-11-12 00:00:00.0,""893.7"""
"2014-11-13 00:00:00.0,""890.4"""
"2014-11-14 00:00:00.0,""890.9"""
"2014-11-15 00:00:00.0,""894.8"""
"2014-11-16 00:00:00.0,""898.0"""
"2014-11-17 00:00:00.0,""898.6"""
"2014-11-18 00:00:00.0,""895.5"""
"2014-11-19 00:00:00.0,""898.4"""
"2014-11-20 00:00:00.0,""900.2"""
"2014-11-21 00:00:00.0,""901.4"""
"2014-11-22 00:00:00.0,""899.5"""
"2014-11-23 00:00:00.0,""899.9"""
"2014-11-24 00:00:00.0,""905.0"""
"2014-11-25 00:00:00.0,""904.1"""
"2014-11-26 00:00:00.0,""897.5"""
"2014-11-27 00:00:00.0,""881.3"""
"2014-11-28 00:00:00.0,""872.7"""
"2014-11-29 00:00:00.0,""887.5"""
"2014-11-30 00:00:00.0,""894.5"""
"2014-12-01 00:00:00.0,""899.7"""
"2014-12-02 00:00:00.0,""902.0"""
"2014-12-03 00:00:00.0,""900.4"""
"2014-12-04 00:00:00.0,""900.5"""
"2014-12-05 00:00:00.0,""908.4"""
"2014-12-06 00:00:00.0,""914.3"""
"2014-12-07 00:00:00.0,""915.8"""
"2014-12-08 00:00:00.0,""916.7"""
"2014-12-09 00:00:00.0,""918.2"""
"2014-12-10 00:00:00.0,""918.2"""
"2014-12-11 00:00:00.0,""914.4"""
"2014-12-12 00:00:00.0,""900.3"""
"2014-12-13 00:00:00.0,""894.4"""
"2014-12-14 00:00:00.0,""901.7"""
"2014-12-15 00:00:00.0,""907.5"""
"2014-12-16 00:00:00.0,""909.0"""
"2014-12-17 00:00:00.0,""913.8"""
"2014-12-18 00:00:00.0,""915.1"""
"2014-12-19 00:00:00.0,""916.9"""
"2014-12-20 00:00:00.0,""919.0"""
"2014-12-21 00:00:00.0,""917.5"""
"2014-12-22 00:00:00.0,""913.9"""
"2014-12-23 00:00:00.0,""912.5"""
"2014-12-24 00:00:00.0,""914.7"""
"2014-12-25 00:00:00.0,""918.8"""
"2014-12-26 00:00:00.0,""917.8"""
"2014-12-27 00:00:00.0,""912.6"""
"2014-12-28 00:00:00.0,""909.0"""
"2014-12-29 00:00:00.0,""917.5"""
"2014-12-30 00:00:00.0,""918.3"""
"2014-12-31 00:00:00.0,""917.5"""
"2015-01-01 00:00:00.0,""920.0"""
"2015-01-02 00:00:00.0,""922.3"""
"2015-01-03 00:00:00.0,""922.1"""
"2015-01-04 00:00:00.0,""918.8"""
"2015-01-05 00:00:00.0,""913.3"""
"2015-01-06 00:00:00.0,""912.3"""
"2015-01-07 00:00:00.0,""915.4"""
"2015-01-08 00:00:00.0,""922.0"""
"2015-01-09 00:00:00.0,""926.3"""
"2015-01-10 00:00:00.0,""920.5"""
"2015-01-11 00:00:00.0,""918.1"""
"2015-01-12 00:00:00.0,""912.9"""
"2015-01-13 00:00:00.0,""907.6"""
"2015-01-14 00:00:00.0,""907.7"""
"2015-01-15 00:00:00.0,""896.4"""
"2015-01-16 00:00:00.0,""901.4"""
"2015-01-17 00:00:00.0,""904.4"""
"2015-01-18 00:00:00.0,""896.5"""
"2015-01-19 00:00:00.0,""901.8"""
"2015-01-20 00:00:00.0,""897.5"""
"2015-01-21 00:00:00.0,""898.8"""
"2015-01-22 00:00:00.0,""904.8"""
"2015-01-23 00:00:00.0,""910.9"""
"2015-01-24 00:00:00.0,""914.8"""
"2015-01-25 00:00:00.0,""915.7"""
"2015-01-26 00:00:00.0,""916.0"""
"2015-01-27 00:00:00.0,""915.9"""
"2015-01-28 00:00:00.0,""912.2"""
"2015-01-29 00:00:00.0,""901.7"""
"2015-01-30 00:00:00.0,""891.0"""
"2015-01-31 00:00:00.0,""892.2"""
"2015-02-01 00:00:00.0,""902.2"""
"2015-02-02 00:00:00.0,""893.9"""
"2015-02-03 00:00:00.0,""891.9"""
"2015-02-04 00:00:00.0,""899.5"""
"2015-02-05 00:00:00.0,""905.3"""
"2015-02-06 00:00:00.0,""900.7"""
"2015-02-07 00:00:00.0,""903.7"""
"2015-02-08 00:00:00.0,""909.2"""
"2015-02-09 00:00:00.0,""906.7"""
"2015-02-10 00:00:00.0,""905.8"""
"2015-02-11 00:00:00.0,""904.2"""
"2015-02-12 00:00:00.0,""903.7"""
"2015-02-13 00:00:00.0,""904.2"""
"2015-02-14 00:00:00.0,""901.3"""
"2015-02-15 00:00:00.0,""902.5"""
"2015-02-16 00:00:00.0,""908.7"""
"2015-02-17 00:00:00.0,""916.8"""
"2015-02-18 00:00:00.0,""916.4"""
"2015-02-19 00:00:00.0,""913.6"""
"2015-02-20 00:00:00.0,""904.1"""
"2015-02-21 00:00:00.0,""901.5"""
"2015-02-22 00:00:00.0,""904.3"""
"2015-02-23 00:00:00.0,""903.2"""
"2015-02-24 00:00:00.0,""913.1"""
"2015-02-25 00:00:00.0,""917.2"""
"2015-02-26 00:00:00.0,""913.9"""
"2015-02-27 00:00:00.0,""912.3"""
"2015-02-28 00:00:00.0,""910.8"""
"2015-03-01 00:00:00.0,""909.3"""
"2015-03-02 00:00:00.0,""909.9"""
"2015-03-03 00:00:00.0,""910.4"""
"2015-03-04 00:00:00.0,""917.8"""
"2015-03-05 00:00:00.0,""916.9"""
"2015-03-06 00:00:00.0,""914.8"""
"2015-03-07 00:00:00.0,""914.6"""
"2015-03-08 00:00:00.0,""912.3"""
"2015-03-09 00:00:00.0,""911.9"""
"2015-03-10 00:00:00.0,""911.8"""
"2015-03-11 00:00:00.0,""911.7"""
"2015-03-12 00:00:00.0,""909.6"""
"2015-03-13 00:00:00.0,""912.0"""
"2015-03-14 00:00:00.0,""910.0"""
"2015-03-15 00:00:00.0,""905.0"""
"2015-03-16 00:00:00.0,""901.0"""
"2015-03-17 00:00:00.0,""900.3"""
"2015-03-18 00:00:00.0,""903.7"""
"2015-03-19 00:00:00.0,""903.1"""
"2015-03-20 00:00:00.0,""899.3"""
"2015-03-21 00:00:00.0,""897.5"""
"2015-03-22 00:00:00.0,""898.2"""
"2015-03-23 00:00:00.0,""895.4"""
"2015-03-24 00:00:00.0,""898.6"""
"2015-03-25 00:00:00.0,""902.3"""
"2015-03-26 00:00:00.0,""907.4"""
"2015-03-27 00:00:00.0,""915.5"""
"2015-03-28 00:00:00.0,""916.6"""
"2015-03-29 00:00:00.0,""915.9"""
"2015-03-30 00:00:00.0,""916.7"""
"2015-03-31 00:00:00.0,""917.4"""
"2015-04-01 00:00:00.0,""915.4"""
"2015-04-02 00:00:00.0,""912.0"""
"2015-04-03 00:00:00.0,""907.9"""
"2015-04-04 00:00:00.0,""901.7"""
"2015-04-05 00:00:00.0,""899.1"""
"2015-04-06 00:00:00.0,""902.3"""
"2015-04-07 00:00:00.0,""906.6"""
"2015-04-08 00:00:00.0,""907.8"""
"2015-04-09 00:00:00.0,""907.2"""
"2015-04-10 00:00:00.0,""907.2"""
"2015-04-11 00:00:00.0,""911.0"""
"2015-04-12 00:00:00.0,""910.7"""
"2015-04-13 00:00:00.0,""911.0"""
"2015-04-14 00:00:00.0,""906.1"""
"2015-04-15 00:00:00.0,""902.3"""
"2015-04-16 00:00:00.0,""902.2"""
"2015-04-17 00:00:00.0,""903.1"""
"2015-04-18 00:00:00.0,""900.7"""
"2015-04-19 00:00:00.0,""904.3"""
"2015-04-20 00:00:00.0,""905.9"""
"2015-04-21 00:00:00.0,""905.2"""
"2015-04-22 00:00:00.0,""905.4"""
"2015-04-23 00:00:00.0,""905.2"""
"2015-04-24 00:00:00.0,""901.3"""
"2015-04-25 00:00:00.0,""897.5"""
"2015-04-26 00:00:00.0,""895.0"""
"2015-04-27 00:00:00.0,""902.4"""
"2015-04-28 00:00:00.0,""905.8"""
"2015-04-29 00:00:00.0,""906.6"""
"2015-04-30 00:00:00.0,""905.1"""
"2015-05-01 00:00:00.0,""902.5"""
"2015-05-02 00:00:00.0,""898.7"""
"2015-05-03 00:00:00.0,""896.8"""
"2015-05-04 00:00:00.0,""888.8"""
"2015-05-05 00:00:00.0,""900.4"""
"2015-05-06 00:00:00.0,""905.1"""
"2015-05-07 00:00:00.0,""901.0"""
"2015-05-08 00:00:00.0,""906.5"""
"2015-05-09 00:00:00.0,""911.6"""
"2015-05-10 00:00:00.0,""909.0"""
"2015-05-11 00:00:00.0,""908.2"""
"2015-05-12 00:00:00.0,""908.3"""
"2015-05-13 00:00:00.0,""908.4"""
"2015-05-14 00:00:00.0,""909.2"""
"2015-05-15 00:00:00.0,""913.7"""
"2015-05-16 00:00:00.0,""915.2"""
"2015-05-17 00:00:00.0,""910.5"""
"2015-05-18 00:00:00.0,""904.4"""
"2015-05-19 00:00:00.0,""906.3"""
"2015-05-20 00:00:00.0,""910.8"""
"2015-05-21 00:00:00.0,""913.8"""
"2015-05-22 00:00:00.0,""911.5"""
"2015-05-23 00:00:00.0,""907.6"""
"2015-05-24 00:00:00.0,""906.3"""
"2015-05-25 00:00:00.0,""908.3"""
"2015-05-26 00:00:00.0,""908.9"""
"2015-05-27 00:00:00.0,""907.5"""
"2015-05-28 00:00:00.0,""905.8"""
"2015-05-29 00:00:00.0,""904.8"""
"2015-05-30 00:00:00.0,""907.1"""
"2015-05-31 00:00:00.0,""907.6"""
"2015-06-01 00:00:00.0,""907.3"""
"2015-06-02 00:00:00.0,""908.0"""
"2015-06-03 00:00:00.0,""908.7"""
"2015-06-04 00:00:00.0,""907.6"""
"2015-06-05 00:00:00.0,""907.9"""
"2015-06-06 00:00:00.0,""908.9"""
"2015-06-07 00:00:00.0,""908.4"""
"2015-06-08 00:00:00.0,""907.5"""
"2015-06-09 00:00:00.0,""904.4"""
"2015-06-10 00:00:00.0,""899.6"""
"2015-06-11 00:00:00.0,""899.2"""
"2015-06-12 00:00:00.0,""899.9"""
"2015-06-13 00:00:00.0,""899.1"""
"2015-06-14 00:00:00.0,""900.6"""
"2015-06-15 00:00:00.0,""906.6"""
"2015-06-16 00:00:00.0,""911.5"""
"2015-06-17 00:00:00.0,""911.3"""
"2015-06-18 00:00:00.0,""910.7"""
"2015-06-19 00:00:00.0,""909.2"""
"2015-06-20 00:00:00.0,""908.4"""
"2015-06-21 00:00:00.0,""907.3"""
"2015-06-22 00:00:00.0,""905.4"""
"2015-06-23 00:00:00.0,""905.7"""
"2015-06-24 00:00:00.0,""907.5"""
"2015-06-25 00:00:00.0,""909.7"""
"2015-06-26 00:00:00.0,""911.0"""
"2015-06-27 00:00:00.0,""910.2"""
"2015-06-28 00:00:00.0,""909.9"""
"2015-06-29 00:00:00.0,""907.7"""
"2015-06-30 00:00:00.0,""903.9"""
"2015-07-01 00:00:00.0,""903.7"""
"2015-07-02 00:00:00.0,""908.3"""
"2015-07-03 00:00:00.0,""907.0"""
"2015-07-04 00:00:00.0,""909.7"""
"2015-07-05 00:00:00.0,""909.1"""
"2015-07-06 00:00:00.0,""907.6"""
"2015-07-07 00:00:00.0,""908.5"""
"2015-07-08 00:00:00.0,""908.5"""
"2015-07-09 00:00:00.0,""906.4"""
"2015-07-10 00:00:00.0,""908.0"""
"2015-07-11 00:00:00.0,""911.0"""
"2015-07-12 00:00:00.0,""910.4"""
"2015-07-13 00:00:00.0,""910.0"""
"2015-07-14 00:00:00.0,""908.8"""
"2015-07-15 00:00:00.0,""906.3"""
"2015-07-16 00:00:00.0,""905.9"""
"2015-07-17 00:00:00.0,""906.9"""
"2015-07-18 00:00:00.0,""906.5"""
"2015-07-19 00:00:00.0,""907.3"""
"2015-07-20 00:00:00.0,""906.8"""
"2015-07-21 00:00:00.0,""907.0"""
"2015-07-22 00:00:00.0,""908.9"""
"2015-07-23 00:00:00.0,""906.4"""
"2015-07-24 00:00:00.0,""904.8"""
"2015-07-25 00:00:00.0,""907.4"""
"2015-07-26 00:00:00.0,""906.5"""
"2015-07-27 00:00:00.0,""907.0"""
"2015-07-28 00:00:00.0,""906.1"""
"2015-07-29 00:00:00.0,""904.8"""
"2015-07-30 00:00:00.0,""902.0"""
"2015-07-31 00:00:00.0,""900.6"""
"2015-08-01 00:00:00.0,""903.7"""
"2015-08-02 00:00:00.0,""903.8"""
"2015-08-03 00:00:00.0,""905.9"""
"2015-08-04 00:00:00.0,""906.2"""
"2015-08-05 00:00:00.0,""904.3"""
"2015-08-06 00:00:00.0,""904.9"""
"2015-08-07 00:00:00.0,""908.0"""
"2015-08-08 00:00:00.0,""910.6"""
"2015-08-09 00:00:00.0,""909.0"""
"2015-08-10 00:00:00.0,""905.8"""
"2015-08-11 00:00:00.0,""903.5"""
"2015-08-12 00:00:00.0,""905.3"""
"2015-08-13 00:00:00.0,""908.3"""
"2015-08-14 00:00:00.0,""908.4"""
"2015-08-15 00:00:00.0,""905.3"""
"2015-08-16 00:00:00.0,""903.6"""
"2015-08-17 00:00:00.0,""904.5"""
"2015-08-18 00:00:00.0,""905.2"""
"2015-08-19 00:00:00.0,""907.3"""
"2015-08-20 00:00:00.0,""909.5"""
"2015-08-21 00:00:00.0,""908.1"""
"2015-08-22 00:00:00.0,""903.0"""
"2015-08-23 00:00:00.0,""897.5"""
"2015-08-24 00:00:00.0,""903.6"""
"2015-08-25 00:00:00.0,""906.7"""
"2015-08-26 00:00:00.0,""903.2"""
"2015-08-27 00:00:00.0,""902.3"""
"2015-08-28 00:00:00.0,""905.6"""
"2015-08-29 00:00:00.0,""905.3"""
"2015-08-30 00:00:00.0,""903.2"""
"2015-08-31 00:00:00.0,""905.0"""
"2015-09-01 00:00:00.0,""906.7"""
"2015-09-02 00:00:00.0,""904.2"""
"2015-09-03 00:00:00.0,""905.2"""
"2015-09-04 00:00:00.0,""905.0"""
"2015-09-05 00:00:00.0,""907.2"""
"2015-09-06 00:00:00.0,""908.7"""
"2015-09-07 00:00:00.0,""908.8"""
"2015-09-08 00:00:00.0,""906.2"""
"2015-09-09 00:00:00.0,""903.8"""
"2015-09-10 00:00:00.0,""904.5"""
"2015-09-11 00:00:00.0,""902.3"""
"2015-09-12 00:00:00.0,""901.3"""
"2015-09-13 00:00:00.0,""898.0"""
"2015-09-14 00:00:00.0,""902.3"""
"2015-09-15 00:00:00.0,""889.9"""
"2015-09-16 00:00:00.0,""887.7"""
"2015-09-17 00:00:00.0,""902.0"""
"2015-09-18 00:00:00.0,""908.8"""
"2015-09-19 00:00:00.0,""910.9"""
"2015-09-20 00:00:00.0,""910.3"""
"2015-09-21 00:00:00.0,""907.6"""
"2015-09-22 00:00:00.0,""906.7"""
"2015-09-23 00:00:00.0,""907.3"""
"2015-09-24 00:00:00.0,""907.8"""
"2015-09-25 00:00:00.0,""907.5"""
"2015-09-26 00:00:00.0,""907.0"""
"2015-09-27 00:00:00.0,""908.0"""
"2015-09-28 00:00:00.0,""907.6"""
"2015-09-29 00:00:00.0,""905.0"""
"2015-09-30 00:00:00.0,""904.0"""
"2015-10-01 00:00:00.0,""909.6"""
"2015-10-02 00:00:00.0,""905.5"""
"2015-10-03 00:00:00.0,""902.8"""
"2015-10-04 00:00:00.0,""897.7"""
"2015-10-05 00:00:00.0,""895.1"""
"2015-10-06 00:00:00.0,""901.6"""
"2015-10-07 00:00:00.0,""907.1"""
"2015-10-08 00:00:00.0,""905.2"""
"2015-10-09 00:00:00.0,""900.5"""
"2015-10-10 00:00:00.0,""895.1"""
"2015-10-11 00:00:00.0,""893.9"""
"2015-10-12 00:00:00.0,""899.1"""
"2015-10-13 00:00:00.0,""903.2"""
"2015-10-14 00:00:00.0,""903.3"""
"2015-10-15 00:00:00.0,""902.5"""
"2015-10-16 00:00:00.0,""901.6"""
"2015-10-17 00:00:00.0,""895.6"""
"2015-10-18 00:00:00.0,""898.2"""
"2015-10-19 00:00:00.0,""898.9"""
"2015-10-20 00:00:00.0,""906.4"""
"2015-10-21 00:00:00.0,""908.5"""
"2015-10-22 00:00:00.0,""909.7"""
"2015-10-23 00:00:00.0,""906.3"""
"2015-10-24 00:00:00.0,""906.3"""
"2015-10-25 00:00:00.0,""905.4"""
"2015-10-26 00:00:00.0,""896.2"""
"2015-10-27 00:00:00.0,""896.0"""
"2015-10-28 00:00:00.0,""899.3"""
"2015-10-29 00:00:00.0,""902.3"""
"2015-10-30 00:00:00.0,""900.7"""
"2015-10-31 00:00:00.0,""902.3"""
"2015-11-01 00:00:00.0,""905.6"""
"2015-11-02 00:00:00.0,""897.6"""
"2015-11-03 00:00:00.0,""900.7"""
"2015-11-04 00:00:00.0,""903.7"""
"2015-11-05 00:00:00.0,""907.2"""
"2015-11-06 00:00:00.0,""911.0"""
"2015-11-07 00:00:00.0,""912.2"""
"2015-11-08 00:00:00.0,""912.5"""
"2015-11-09 00:00:00.0,""917.8"""
"2015-11-10 00:00:00.0,""915.3"""
"2015-11-11 00:00:00.0,""912.8"""
"2015-11-12 00:00:00.0,""912.3"""
"2015-11-13 00:00:00.0,""917.0"""
"2015-11-14 00:00:00.0,""917.0"""
"2015-11-15 00:00:00.0,""912.0"""
"2015-11-16 00:00:00.0,""911.0"""
"2015-11-17 00:00:00.0,""912.8"""
"2015-11-18 00:00:00.0,""914.9"""
"2015-11-19 00:00:00.0,""917.2"""
"2015-11-20 00:00:00.0,""915.6"""
"2015-11-21 00:00:00.0,""908.1"""
"2015-11-22 00:00:00.0,""903.5"""
"2015-11-23 00:00:00.0,""909.6"""
"2015-11-24 00:00:00.0,""914.4"""
"2015-11-25 00:00:00.0,""915.6"""
"2015-11-26 00:00:00.0,""913.0"""
"2015-11-27 00:00:00.0,""908.4"""
"2015-11-28 00:00:00.0,""912.0"""
"2015-11-29 00:00:00.0,""917.0"""
"2015-11-30 00:00:00.0,""918.0"""
"2015-12-01 00:00:00.0,""915.0"""
"2015-12-02 00:00:00.0,""913.4"""
"2015-12-03 00:00:00.0,""912.3"""
"2015-12-04 00:00:00.0,""918.1"""
"2015-12-05 00:00:00.0,""915.0"""
"2015-12-06 00:00:00.0,""911.4"""
"2015-12-07 00:00:00.0,""910.0"""
"2015-12-08 00:00:00.0,""916.8"""
"2015-12-09 00:00:00.0,""919.0"""
"2015-12-10 00:00:00.0,""916.8"""
"2015-12-11 00:00:00.0,""915.1"""
"2015-12-12 00:00:00.0,""909.7"""
"2015-12-13 00:00:00.0,""902.4"""
"2015-12-14 00:00:00.0,""901.0"""
"2015-12-15 00:00:00.0,""907.7"""
"2015-12-16 00:00:00.0,""912.8"""
"2015-12-17 00:00:00.0,""910.0"""
"2015-12-18 00:00:00.0,""910.1"""
"2015-12-19 00:00:00.0,""903.6"""
"2015-12-20 00:00:00.0,""907.6"""
"2015-12-21 00:00:00.0,""915.0"""
"2015-12-22 00:00:00.0,""914.3"""
"2015-12-23 00:00:00.0,""912.4"""
"2015-12-24 00:00:00.0,""910.3"""
"2015-12-25 00:00:00.0,""912.9"""
"2015-12-26 00:00:00.0,""912.0"""
"2015-12-27 00:00:00.0,""907.6"""
"2015-12-28 00:00:00.0,""901.4"""
"2015-12-29 00:00:00.0,""911.4"""
"2015-12-30 00:00:00.0,""905.8"""
"2015-12-31 00:00:00.0,""908.7"""
"2016-01-01 00:00:00.0,""900.4"""
"2016-01-02 00:00:00.0,""904.9"""
"2016-01-03 00:00:00.0,""896.1"""
"2016-01-04 00:00:00.0,""892.3"""
"2016-01-05 00:00:00.0,""895.3"""
"2016-01-06 00:00:00.0,""897.5"""
"2016-01-07 00:00:00.0,""895.4"""
"2016-01-08 00:00:00.0,""892.3"""
"2016-01-09 00:00:00.0,""890.7"""
"2016-01-10 00:00:00.0,""887.0"""
"2016-01-11 00:00:00.0,""896.0"""
"2016-01-12 00:00:00.0,""907.2"""
"2016-01-13 00:00:00.0,""905.1"""
"2016-01-14 00:00:00.0,""904.2"""
"2016-01-15 00:00:00.0,""912.6"""
"2016-01-16 00:00:00.0,""914.3"""
"2016-01-17 00:00:00.0,""907.8"""
"2016-01-18 00:00:00.0,""903.6"""
"2016-01-19 00:00:00.0,""902.0"""
"2016-01-20 00:00:00.0,""901.1"""
"2016-01-21 00:00:00.0,""905.5"""
"2016-01-22 00:00:00.0,""912.5"""
"2016-01-23 00:00:00.0,""916.2"""
"2016-01-24 00:00:00.0,""911.9"""
"2016-01-25 00:00:00.0,""912.1"""
"2016-01-26 00:00:00.0,""915.0"""
"2016-01-27 00:00:00.0,""910.8"""
"2016-01-28 00:00:00.0,""913.9"""
"2016-01-29 00:00:00.0,""918.2"""
"2016-01-30 00:00:00.0,""917.6"""
"2016-01-31 00:00:00.0,""919.2"""
"2016-02-01 00:00:00.0,""918.1"""
"2016-02-02 00:00:00.0,""915.4"""
"2016-02-03 00:00:00.0,""918.8"""
"2016-02-04 00:00:00.0,""917.9"""
"2016-02-05 00:00:00.0,""910.1"""
"2016-02-06 00:00:00.0,""898.3"""
"2016-02-07 00:00:00.0,""904.2"""
"2016-02-08 00:00:00.0,""907.1"""
"2016-02-09 00:00:00.0,""902.1"""
"2016-02-10 00:00:00.0,""899.5"""
"2016-02-11 00:00:00.0,""899.4"""
"2016-02-12 00:00:00.0,""895.8"""
"2016-02-13 00:00:00.0,""893.6"""
"2016-02-14 00:00:00.0,""893.6"""
"2016-02-15 00:00:00.0,""908.0"""
"2016-02-16 00:00:00.0,""914.0"""
"2016-02-17 00:00:00.0,""905.0"""
"2016-02-18 00:00:00.0,""906.3"""
"2016-02-19 00:00:00.0,""911.5"""
"2016-02-20 00:00:00.0,""914.1"""
"2016-02-21 00:00:00.0,""909.4"""
"2016-02-22 00:00:00.0,""908.0"""
"2016-02-23 00:00:00.0,""911.1"""
"2016-02-24 00:00:00.0,""902.0"""
"2016-02-25 00:00:00.0,""904.6"""
"2016-02-26 00:00:00.0,""891.6"""
"2016-02-27 00:00:00.0,""890.5"""
"2016-02-28 00:00:00.0,""899.7"""
"2016-02-29 00:00:00.0,""910.1"""
"2016-03-01 00:00:00.0,""914.3"""
"2016-03-02 00:00:00.0,""912.3"""
"2016-03-03 00:00:00.0,""908.4"""
"2016-03-04 00:00:00.0,""895.5"""
"2016-03-05 00:00:00.0,""898.5"""
"2016-03-06 00:00:00.0,""902.2"""
"2016-03-07 00:00:00.0,""899.7"""
"2016-03-08 00:00:00.0,""908.0"""
"2016-03-09 00:00:00.0,""905.1"""
"2016-03-10 00:00:00.0,""907.2"""
"2016-03-11 00:00:00.0,""908.9"""
"2016-03-12 00:00:00.0,""908.4"""
"2016-03-13 00:00:00.0,""906.0"""
"2016-03-14 00:00:00.0,""901.8"""
"2016-03-15 00:00:00.0,""904.0"""
"2016-03-16 00:00:00.0,""905.8"""
"2016-03-17 00:00:00.0,""903.6"""
"2016-03-18 00:00:00.0,""899.3"""
"2016-03-19 00:00:00.0,""897.5"""
"2016-03-20 00:00:00.0,""899.1"""
"2016-03-21 00:00:00.0,""899.5"""
"2016-03-22 00:00:00.0,""897.7"""
"2016-03-23 00:00:00.0,""899.4"""
"2016-03-24 00:00:00.0,""905.6"""
"2016-03-25 00:00:00.0,""908.7"""
"2016-03-26 00:00:00.0,""902.7"""
"2016-03-27 00:00:00.0,""902.0"""
"2016-03-28 00:00:00.0,""900.0"""
"2016-03-29 00:00:00.0,""899.4"""
"2016-03-30 00:00:00.0,""896.1"""
"2016-03-31 00:00:00.0,""904.0"""
"2016-04-01 00:00:00.0,""904.1"""
"2016-04-02 00:00:00.0,""894.2"""
"2016-04-03 00:00:00.0,""892.4"""
"2016-04-04 00:00:00.0,""891.1"""
"2016-04-05 00:00:00.0,""901.3"""
"2016-04-06 00:00:00.0,""905.8"""
"2016-04-07 00:00:00.0,""907.0"""
"2016-04-08 00:00:00.0,""906.0"""
"2016-04-09 00:00:00.0,""898.6"""
"2016-04-10 00:00:00.0,""885.3"""
"2016-04-11 00:00:00.0,""889.3"""
"2016-04-12 00:00:00.0,""891.4"""
"2016-04-13 00:00:00.0,""894.8"""
"2016-04-14 00:00:00.0,""894.7"""
"2016-04-15 00:00:00.0,""894.2"""
"2016-04-16 00:00:00.0,""894.2"""
"2016-04-17 00:00:00.0,""900.7"""
"2016-04-18 00:00:00.0,""902.2"""
"2016-04-19 00:00:00.0,""898.3"""
"2016-04-20 00:00:00.0,""900.0"""
"2016-04-21 00:00:00.0,""904.6"""
"2016-04-22 00:00:00.0,""906.2"""
"2016-04-23 00:00:00.0,""904.7"""
"2016-04-24 00:00:00.0,""905.8"""
"2016-04-25 00:00:00.0,""904.0"""
"2016-04-26 00:00:00.0,""900.9"""
"2016-04-27 00:00:00.0,""899.0"""
"2016-04-28 00:00:00.0,""901.3"""
"2016-04-29 00:00:00.0,""903.5"""
"2016-04-30 00:00:00.0,""910.1"""
"2016-05-01 00:00:00.0,""913.1"""
"2016-05-02 00:00:00.0,""910.5"""
"2016-05-03 00:00:00.0,""908.4"""
"2016-05-04 00:00:00.0,""904.6"""
"2016-05-05 00:00:00.0,""900.2"""
"2016-05-06 00:00:00.0,""894.1"""
"2016-05-07 00:00:00.0,""888.0"""
"2016-05-08 00:00:00.0,""881.0"""
"2016-05-09 00:00:00.0,""887.4"""
"2016-05-10 00:00:00.0,""890.3"""
"2016-05-11 00:00:00.0,""891.4"""
"2016-05-12 00:00:00.0,""894.9"""
"2016-05-13 00:00:00.0,""901.6"""
"2016-05-14 00:00:00.0,""907.3"""
"2016-05-15 00:00:00.0,""910.0"""
"2016-05-16 00:00:00.0,""909.7"""
"2016-05-17 00:00:00.0,""905.9"""
"2016-05-18 00:00:00.0,""906.4"""
"2016-05-19 00:00:00.0,""910.1"""
"2016-05-20 00:00:00.0,""907.7"""
"2016-05-21 00:00:00.0,""901.6"""
"2016-05-22 00:00:00.0,""906.4"""
"2016-05-23 00:00:00.0,""907.5"""
"2016-05-24 00:00:00.0,""898.1"""
"2016-05-25 00:00:00.0,""898.4"""
"2016-05-26 00:00:00.0,""900.0"""
"2016-05-27 00:00:00.0,""901.1"""
"2016-05-28 00:00:00.0,""900.0"""
"2016-05-29 00:00:00.0,""903.7"""
"2016-05-30 00:00:00.0,""907.4"""
"2016-05-31 00:00:00.0,""909.8"""
"2016-06-01 00:00:00.0,""908.1"""
"2016-06-02 00:00:00.0,""903.2"""
"2016-06-03 00:00:00.0,""900.5"""
"2016-06-04 00:00:00.0,""903.7"""
"2016-06-05 00:00:00.0,""905.0"""
"2016-06-06 00:00:00.0,""906.7"""
"2016-06-07 00:00:00.0,""909.6"""
"2016-06-08 00:00:00.0,""909.2"""
"2016-06-09 00:00:00.0,""905.9"""
"2016-06-10 00:00:00.0,""904.6"""
"2016-06-11 00:00:00.0,""905.6"""
"2016-06-12 00:00:00.0,""907.3"""
"2016-06-13 00:00:00.0,""906.4"""
"2016-06-14 00:00:00.0,""900.1"""
"2016-06-15 00:00:00.0,""893.5"""
"2016-06-16 00:00:00.0,""899.1"""
"2016-06-17 00:00:00.0,""906.6"""
"2016-06-18 00:00:00.0,""913.7"""
"2016-06-19 00:00:00.0,""915.4"""
"2016-06-20 00:00:00.0,""912.4"""
"2016-06-21 00:00:00.0,""908.5"""
"2016-06-22 00:00:00.0,""905.4"""
"2016-06-23 00:00:00.0,""907.6"""
"2016-06-24 00:00:00.0,""909.2"""
"2016-06-25 00:00:00.0,""907.5"""
"2016-06-26 00:00:00.0,""908.2"""
"2016-06-27 00:00:00.0,""910.3"""
"2016-06-28 00:00:00.0,""908.0"""
"2016-06-29 00:00:00.0,""906.5"""
"2016-06-30 00:00:00.0,""907.2"""
"2016-07-01 00:00:00.0,""908.7"""
"2016-07-02 00:00:00.0,""910.4"""
"2016-07-03 00:00:00.0,""908.8"""
"2016-07-04 00:00:00.0,""906.3"""
"2016-07-05 00:00:00.0,""907.7"""
"2016-07-06 00:00:00.0,""908.1"""
"2016-07-07 00:00:00.0,""908.2"""
"2016-07-08 00:00:00.0,""911.3"""
"2016-07-09 00:00:00.0,""909.6"""
"2016-07-10 00:00:00.0,""907.1"""
"2016-07-11 00:00:00.0,""907.1"""
"2016-07-12 00:00:00.0,""909.0"""
"2016-07-13 00:00:00.0,""911.1"""
"2016-07-14 00:00:00.0,""911.1"""
"2016-07-15 00:00:00.0,""909.8"""
"2016-07-16 00:00:00.0,""908.4"""
"2016-07-17 00:00:00.0,""907.1"""
"2016-07-18 00:00:00.0,""905.8"""
"2016-07-19 00:00:00.0,""905.2"""
"2016-07-20 00:00:00.0,""907.1"""
"2016-07-21 00:00:00.0,""907.2"""
"2016-07-22 00:00:00.0,""909.0"""
"2016-07-23 00:00:00.0,""910.5"""
"2016-07-24 00:00:00.0,""909.4"""
"2016-07-25 00:00:00.0,""909.0"""
"2016-07-26 00:00:00.0,""908.8"""
"2016-07-27 00:00:00.0,""909.2"""
"2016-07-28 00:00:00.0,""907.7"""
"2016-07-29 00:00:00.0,""905.2"""
"2016-07-30 00:00:00.0,""904.9"""
"2016-07-31 00:00:00.0,""908.6"""
"2016-08-01 00:00:00.0,""909.7"""
"2016-08-02 00:00:00.0,""909.5"""
"2016-08-03 00:00:00.0,""907.8"""
"2016-08-04 00:00:00.0,""907.7"""
"2016-08-05 00:00:00.0,""911.4"""
"2016-08-06 00:00:00.0,""913.3"""
"2016-08-07 00:00:00.0,""913.9"""
"2016-08-08 00:00:00.0,""912.8"""
"2016-08-09 00:00:00.0,""909.8"""
"2016-08-10 00:00:00.0,""909.5"""
"2016-08-11 00:00:00.0,""910.9"""
"2016-08-12 00:00:00.0,""911.5"""
"2016-08-13 00:00:00.0,""910.5"""
"2016-08-14 00:00:00.0,""908.3"""
"2016-08-15 00:00:00.0,""906.3"""
"2016-08-16 00:00:00.0,""905.1"""
"2016-08-17 00:00:00.0,""905.1"""
"2016-08-18 00:00:00.0,""903.4"""
"2016-08-19 00:00:00.0,""903.1"""
"2016-08-20 00:00:00.0,""909.0"""
"2016-08-21 00:00:00.0,""911.6"""
"2016-08-22 00:00:00.0,""910.9"""
"2016-08-23 00:00:00.0,""909.6"""
"2016-08-24 00:00:00.0,""906.4"""
"2016-08-25 00:00:00.0,""904.3"""
"2016-08-26 00:00:00.0,""905.2"""
"2016-08-27 00:00:00.0,""907.3"""
"2016-08-28 00:00:00.0,""910.7"""
"2016-08-29 00:00:00.0,""910.7"""
"2016-08-30 00:00:00.0,""908.2"""
"2016-08-31 00:00:00.0,""909.2"""
"2016-09-01 00:00:00.0,""910.6"""
"2016-09-02 00:00:00.0,""910.3"""
"2016-09-03 00:00:00.0,""909.3"""
"2016-09-04 00:00:00.0,""910.8"""
"2016-09-05 00:00:00.0,""912.4"""
"2016-09-06 00:00:00.0,""908.6"""
"2016-09-07 00:00:00.0,""905.5"""
"2016-09-08 00:00:00.0,""907.5"""
"2016-09-09 00:00:00.0,""907.4"""
"2016-09-10 00:00:00.0,""907.6"""
"2016-09-11 00:00:00.0,""905.6"""
"2016-09-12 00:00:00.0,""901.3"""
"2016-09-13 00:00:00.0,""900.3"""
"2016-09-14 00:00:00.0,""903.2"""
"2016-09-15 00:00:00.0,""904.0"""
"2016-09-16 00:00:00.0,""911.4"""
"2016-09-17 00:00:00.0,""911.1"""
"2016-09-18 00:00:00.0,""909.7"""
"2016-09-19 00:00:00.0,""908.3"""
"2016-09-20 00:00:00.0,""904.8"""
"2016-09-21 00:00:00.0,""905.1"""
"2016-09-22 00:00:00.0,""907.9"""
"2016-09-23 00:00:00.0,""910.8"""
"2016-09-24 00:00:00.0,""907.3"""
"2016-09-25 00:00:00.0,""909.8"""
"2016-09-26 00:00:00.0,""910.7"""
"2016-09-27 00:00:00.0,""915.3"""
"2016-09-28 00:00:00.0,""914.3"""
"2016-09-29 00:00:00.0,""911.2"""
"2016-09-30 00:00:00.0,""904.8"""
"2016-10-01 00:00:00.0,""903.8"""
"2016-10-02 00:00:00.0,""904.7"""
"2016-10-03 00:00:00.0,""906.6"""
"2016-10-04 00:00:00.0,""909.8"""
"2016-10-05 00:00:00.0,""906.7"""
"2016-10-06 00:00:00.0,""901.7"""
"2016-10-07 00:00:00.0,""904.0"""
"2016-10-08 00:00:00.0,""907.1"""
"2016-10-09 00:00:00.0,""906.9"""
"2016-10-10 00:00:00.0,""906.2"""
"2016-10-11 00:00:00.0,""899.2"""
"2016-10-12 00:00:00.0,""891.7"""
"2016-10-13 00:00:00.0,""892.2"""
"2016-10-14 00:00:00.0,""896.0"""
"2016-10-15 00:00:00.0,""898.2"""
"2016-10-16 00:00:00.0,""903.5"""
"2016-10-17 00:00:00.0,""909.5"""
"2016-10-18 00:00:00.0,""911.7"""
"2016-10-19 00:00:00.0,""907.9"""
"2016-10-20 00:00:00.0,""903.0"""
"2016-10-21 00:00:00.0,""899.5"""
"2016-10-22 00:00:00.0,""892.2"""
"2016-10-23 00:00:00.0,""888.3"""
"2016-10-24 00:00:00.0,""896.4"""
"2016-10-25 00:00:00.0,""904.6"""
"2016-10-26 00:00:00.0,""912.4"""
"2016-10-27 00:00:00.0,""914.1"""
"2016-10-28 00:00:00.0,""915.8"""
"2016-10-29 00:00:00.0,""914.2"""
"2016-10-30 00:00:00.0,""909.7"""
"2016-10-31 00:00:00.0,""907.3"""
"2016-11-01 00:00:00.0,""907.9"""
"2016-11-02 00:00:00.0,""907.4"""
"2016-11-03 00:00:00.0,""904.4"""
"2016-11-04 00:00:00.0,""901.4"""
"2016-11-05 00:00:00.0,""898.3"""
"2016-11-06 00:00:00.0,""901.1"""
"2016-11-07 00:00:00.0,""903.1"""
"2016-11-08 00:00:00.0,""906.8"""
"2016-11-09 00:00:00.0,""908.6"""
"2016-11-10 00:00:00.0,""911.6"""
"2016-11-11 00:00:00.0,""911.6"""
"2016-11-12 00:00:00.0,""909.8"""
"2016-11-13 00:00:00.0,""912.4"""
"2016-11-14 00:00:00.0,""913.7"""
"2016-11-15 00:00:00.0,""914.9"""
"2016-11-16 00:00:00.0,""913.0"""
"2016-11-17 00:00:00.0,""907.0"""
"2016-11-18 00:00:00.0,""903.3"""
"2016-11-19 00:00:00.0,""898.9"""
"2016-11-20 00:00:00.0,""888.0"""
"2016-11-21 00:00:00.0,""886.9"""
"2016-11-22 00:00:00.0,""893.6"""
"2016-11-23 00:00:00.0,""895.8"""
"2016-11-24 00:00:00.0,""891.2"""
"2016-11-25 00:00:00.0,""892.3"""
"2016-11-26 00:00:00.0,""892.6"""
"2016-11-27 00:00:00.0,""896.2"""
"2016-11-28 00:00:00.0,""900.3"""
"2016-11-29 00:00:00.0,""904.9"""
"2016-11-30 00:00:00.0,""908.5"""
"2016-12-01 00:00:00.0,""908.8"""
"2016-12-02 00:00:00.0,""903.9"""
"2016-12-03 00:00:00.0,""895.0"""
"2016-12-04 00:00:00.0,""896.1"""
"2016-12-05 00:00:00.0,""905.2"""
"2016-12-06 00:00:00.0,""911.8"""
"2016-12-07 00:00:00.0,""913.4"""
"2016-12-08 00:00:00.0,""913.9"""
"2016-12-09 00:00:00.0,""913.2"""
"2016-12-10 00:00:00.0,""911.5"""
"2016-12-11 00:00:00.0,""912.5"""
"2016-12-12 00:00:00.0,""910.9"""
"2016-12-13 00:00:00.0,""906.7"""
"2016-12-14 00:00:00.0,""904.1"""
"2016-12-15 00:00:00.0,""903.6"""
"2016-12-16 00:00:00.0,""906.0"""
"2016-12-17 00:00:00.0,""915.7"""
"2016-12-18 00:00:00.0,""912.1"""
"2016-12-19 00:00:00.0,""905.8"""
"2016-12-20 00:00:00.0,""908.6"""
"2016-12-21 00:00:00.0,""914.6"""
"2016-12-22 00:00:00.0,""918.6"""
"2016-12-23 00:00:00.0,""921.4"""
"2016-12-24 00:00:00.0,""922.3"""
"2016-12-25 00:00:00.0,""918.8"""
"2016-12-26 00:00:00.0,""916.2"""
"2016-12-27 00:00:00.0,""916.1"""
"2016-12-28 00:00:00.0,""918.2"""
"2016-12-29 00:00:00.0,""918.3"""
"2016-12-30 00:00:00.0,""917.3"""
"2016-12-31 00:00:00.0,""914.4"""
"2017-01-01 00:00:00.0,""907.0"""
"2017-01-02 00:00:00.0,""901.7"""
"2017-01-03 00:00:00.0,""908.3"""
"2017-01-04 00:00:00.0,""912.5"""
"2017-01-05 00:00:00.0,""912.5"""
"2017-01-06 00:00:00.0,""913.1"""
"2017-01-07 00:00:00.0,""914.3"""
"2017-01-08 00:00:00.0,""914.7"""
"2017-01-09 00:00:00.0,""913.5"""
"2017-01-10 00:00:00.0,""910.2"""
"2017-01-11 00:00:00.0,""912.4"""
"2017-01-12 00:00:00.0,""910.1"""
"2017-01-13 00:00:00.0,""911.8"""
"2017-01-14 00:00:00.0,""914.9"""
"2017-01-15 00:00:00.0,""916.3"""
"2017-01-16 00:00:00.0,""914.0"""
"2017-01-17 00:00:00.0,""909.2"""
"2017-01-18 00:00:00.0,""905.9"""
"2017-01-19 00:00:00.0,""904.8"""
"2017-01-20 00:00:00.0,""904.2"""
"2017-01-21 00:00:00.0,""905.2"""
"2017-01-22 00:00:00.0,""905.8"""
"2017-01-23 00:00:00.0,""907.9"""
"2017-01-24 00:00:00.0,""909.8"""
"2017-01-25 00:00:00.0,""904.9"""
"2017-01-26 00:00:00.0,""893.7"""
"2017-01-27 00:00:00.0,""893.8"""
"2017-01-28 00:00:00.0,""905.6"""
"2017-01-29 00:00:00.0,""905.5"""
"2017-01-30 00:00:00.0,""903.0"""
"2017-01-31 00:00:00.0,""898.9"""
"2017-02-01 00:00:00.0,""898.2"""
"2017-02-02 00:00:00.0,""892.6"""
"2017-02-03 00:00:00.0,""892.1"""
"2017-02-04 00:00:00.0,""894.7"""
"2017-02-05 00:00:00.0,""905.2"""
"2017-02-06 00:00:00.0,""910.2"""
"2017-02-07 00:00:00.0,""911.4"""
"2017-02-08 00:00:00.0,""913.0"""
"2017-02-09 00:00:00.0,""899.1"""
"2017-02-10 00:00:00.0,""894.5"""
"2017-02-11 00:00:00.0,""895.7"""
"2017-02-12 00:00:00.0,""884.4"""
"2017-02-13 00:00:00.0,""890.4"""
"2017-02-14 00:00:00.0,""902.6"""
"2017-02-15 00:00:00.0,""912.8"""
"2017-02-16 00:00:00.0,""914.7"""
"2017-02-17 00:00:00.0,""912.3"""
"2017-02-18 00:00:00.0,""907.4"""
"2017-02-19 00:00:00.0,""910.9"""
"2017-02-20 00:00:00.0,""911.4"""
"2017-02-21 00:00:00.0,""909.3"""
"2017-02-22 00:00:00.0,""906.5"""
"2017-02-23 00:00:00.0,""903.4"""
"2017-02-24 00:00:00.0,""904.2"""
"2017-02-25 00:00:00.0,""906.3"""
"2017-02-26 00:00:00.0,""906.2"""
"2017-02-27 00:00:00.0,""900.4"""
"2017-02-28 00:00:00.0,""901.2"""
"2017-03-01 00:00:00.0,""904.0"""
"2017-03-02 00:00:00.0,""901.9"""
"2017-03-03 00:00:00.0,""889.4"""
"2017-03-04 00:00:00.0,""893.3"""
"2017-03-05 00:00:00.0,""902.7"""
"2017-03-06 00:00:00.0,""911.2"""
"2017-03-07 00:00:00.0,""914.5"""
"2017-03-08 00:00:00.0,""913.2"""
"2017-03-09 00:00:00.0,""911.9"""
"2017-03-10 00:00:00.0,""908.4"""
"2017-03-11 00:00:00.0,""907.4"""
"2017-03-12 00:00:00.0,""910.8"""
"2017-03-13 00:00:00.0,""913.1"""
"2017-03-14 00:00:00.0,""913.7"""
"2017-03-15 00:00:00.0,""910.3"""
"2017-03-16 00:00:00.0,""906.9"""
"2017-03-17 00:00:00.0,""908.1"""
"2017-03-18 00:00:00.0,""909.1"""
"2017-03-19 00:00:00.0,""906.5"""
"2017-03-20 00:00:00.0,""904.5"""
"2017-03-21 00:00:00.0,""904.7"""
"2017-03-22 00:00:00.0,""897.0"""
"2017-03-23 00:00:00.0,""895.6"""
"2017-03-24 00:00:00.0,""898.4"""
"2017-03-25 00:00:00.0,""898.0"""
"2017-03-26 00:00:00.0,""893.7"""
"2017-03-27 00:00:00.0,""901.0"""
"2017-03-28 00:00:00.0,""909.7"""
"2017-03-29 00:00:00.0,""910.2"""
"2017-03-30 00:00:00.0,""905.8"""
"2017-03-31 00:00:00.0,""905.2"""
"2017-04-01 00:00:00.0,""909.2"""
"2017-04-02 00:00:00.0,""909.1"""
"2017-04-03 00:00:00.0,""910.3"""
"2017-04-04 00:00:00.0,""911.4"""
"2017-04-05 00:00:00.0,""909.3"""
"2017-04-06 00:00:00.0,""908.2"""
"2017-04-07 00:00:00.0,""906.0"""
"2017-04-08 00:00:00.0,""906.1"""
"2017-04-09 00:00:00.0,""907.6"""
"2017-04-10 00:00:00.0,""910.8"""
"2017-04-11 00:00:00.0,""910.0"""
"2017-04-12 00:00:00.0,""907.5"""
"2017-04-13 00:00:00.0,""906.4"""
"2017-04-14 00:00:00.0,""907.5"""
"2017-04-15 00:00:00.0,""908.6"""
"2017-04-16 00:00:00.0,""908.0"""
"2017-04-17 00:00:00.0,""906.0"""
"2017-04-18 00:00:00.0,""904.7"""
"2017-04-19 00:00:00.0,""902.7"""
"2017-04-20 00:00:00.0,""904.1"""
"2017-04-21 00:00:00.0,""907.7"""
"2017-04-22 00:00:00.0,""907.6"""
"2017-04-23 00:00:00.0,""904.7"""
"2017-04-24 00:00:00.0,""902.1"""
"2017-04-25 00:00:00.0,""898.7"""
"2017-04-26 00:00:00.0,""899.7"""
"2017-04-27 00:00:00.0,""901.8"""
"2017-04-28 00:00:00.0,""900.6"""
"2017-04-29 00:00:00.0,""895.5"""
"2017-04-30 00:00:00.0,""895.8"""
"2017-05-01 00:00:00.0,""906.7"""
"2017-05-02 00:00:00.0,""906.2"""
"2017-05-03 00:00:00.0,""902.1"""
"2017-05-04 00:00:00.0,""895.9"""
"2017-05-05 00:00:00.0,""893.7"""
"2017-05-06 00:00:00.0,""903.2"""
"2017-05-07 00:00:00.0,""907.6"""
"2017-05-08 00:00:00.0,""904.7"""
"2017-05-09 00:00:00.0,""895.8"""
"2017-05-10 00:00:00.0,""888.0"""
"2017-05-11 00:00:00.0,""884.5"""
"2017-05-12 00:00:00.0,""892.3"""
"2017-05-13 00:00:00.0,""901.9"""
"2017-05-14 00:00:00.0,""909.5"""
"2017-05-15 00:00:00.0,""913.1"""
"2017-05-16 00:00:00.0,""912.2"""
"2017-05-17 00:00:00.0,""907.3"""
"2017-05-18 00:00:00.0,""907.1"""
"2017-05-19 00:00:00.0,""909.5"""
"2017-05-20 00:00:00.0,""908.6"""
"2017-05-21 00:00:00.0,""903.0"""
"2017-05-22 00:00:00.0,""906.1"""
"2017-05-23 00:00:00.0,""907.7"""
"2017-05-24 00:00:00.0,""906.3"""
"2017-05-25 00:00:00.0,""903.8"""
"2017-05-26 00:00:00.0,""901.9"""
"2017-05-27 00:00:00.0,""902.1"""
"2017-05-28 00:00:00.0,""902.8"""
"2017-05-29 00:00:00.0,""904.0"""
"2017-05-30 00:00:00.0,""906.2"""
"2017-05-31 00:00:00.0,""907.0"""
"2017-06-01 00:00:00.0,""907.1"""
"2017-06-02 00:00:00.0,""906.8"""
"2017-06-03 00:00:00.0,""907.5"""
"2017-06-04 00:00:00.0,""907.8"""
"2017-06-05 00:00:00.0,""905.4"""
"2017-06-06 00:00:00.0,""907.0"""
"2017-06-07 00:00:00.0,""907.9"""
"2017-06-08 00:00:00.0,""904.0"""
"2017-06-09 00:00:00.0,""905.5"""
"2017-06-10 00:00:00.0,""907.0"""
"2017-06-11 00:00:00.0,""907.7"""
"2017-06-12 00:00:00.0,""905.2"""
"2017-06-13 00:00:00.0,""903.4"""
"2017-06-14 00:00:00.0,""904.9"""
"2017-06-15 00:00:00.0,""908.3"""
"2017-06-16 00:00:00.0,""909.4"""
"2017-06-17 00:00:00.0,""907.8"""
"2017-06-18 00:00:00.0,""904.8"""
"2017-06-19 00:00:00.0,""905.8"""
"2017-06-20 00:00:00.0,""907.0"""
"2017-06-21 00:00:00.0,""906.0"""
"2017-06-22 00:00:00.0,""908.3"""
"2017-06-23 00:00:00.0,""911.2"""
"2017-06-24 00:00:00.0,""910.0"""
"2017-06-25 00:00:00.0,""904.0"""
"2017-06-26 00:00:00.0,""901.4"""
"2017-06-27 00:00:00.0,""900.4"""
"2017-06-28 00:00:00.0,""899.7"""
"2017-06-29 00:00:00.0,""902.7"""
"2017-06-30 00:00:00.0,""908.8"""
"2017-07-01 00:00:00.0,""913.5"""
"2017-07-02 00:00:00.0,""913.2"""
"2017-07-03 00:00:00.0,""910.2"""
"2017-07-04 00:00:00.0,""904.2"""
"2017-07-05 00:00:00.0,""903.2"""
"2017-07-06 00:00:00.0,""904.4"""
"2017-07-07 00:00:00.0,""906.8"""
"2017-07-08 00:00:00.0,""906.8"""
"2017-07-09 00:00:00.0,""905.4"""
"2017-07-10 00:00:00.0,""905.7"""
"2017-07-11 00:00:00.0,""906.6"""
"2017-07-12 00:00:00.0,""909.5"""
"2017-07-13 00:00:00.0,""909.5"""
"2017-07-14 00:00:00.0,""908.2"""
"2017-07-15 00:00:00.0,""907.8"""
"2017-07-16 00:00:00.0,""907.3"""
"2017-07-17 00:00:00.0,""903.8"""
"2017-07-18 00:00:00.0,""901.2"""
"2017-07-19 00:00:00.0,""903.7"""
"2017-07-20 00:00:00.0,""905.4"""
"2017-07-21 00:00:00.0,""903.8"""
"2017-07-22 00:00:00.0,""906.2"""
"2017-07-23 00:00:00.0,""910.6"""
"2017-07-24 00:00:00.0,""911.8"""
"2017-07-25 00:00:00.0,""908.9"""
"2017-07-26 00:00:00.0,""907.1"""
"2017-07-27 00:00:00.0,""906.6"""
"2017-07-28 00:00:00.0,""907.6"""
"2017-07-29 00:00:00.0,""906.5"""
"2017-07-30 00:00:00.0,""904.6"""
"2017-07-31 00:00:00.0,""902.4"""
"2017-08-01 00:00:00.0,""905.7"""
"2017-08-02 00:00:00.0,""908.4"""
"2017-08-03 00:00:00.0,""908.9"""
"2017-08-04 00:00:00.0,""908.4"""
"2017-08-05 00:00:00.0,""908.6"""
"2017-08-06 00:00:00.0,""907.2"""
"2017-08-07 00:00:00.0,""905.2"""
"2017-08-08 00:00:00.0,""908.2"""
"2017-08-09 00:00:00.0,""910.0"""
"2017-08-10 00:00:00.0,""912.6"""
"2017-08-11 00:00:00.0,""911.2"""
"2017-08-12 00:00:00.0,""909.8"""
"2017-08-13 00:00:00.0,""906.2"""
"2017-08-14 00:00:00.0,""904.6"""
"2017-08-15 00:00:00.0,""908.3"""
"2017-08-16 00:00:00.0,""910.8"""
"2017-08-17 00:00:00.0,""909.9"""
"2017-08-18 00:00:00.0,""909.5"""
"2017-08-19 00:00:00.0,""909.8"""
"2017-08-20 00:00:00.0,""909.7"""
"2017-08-21 00:00:00.0,""906.7"""
"2017-08-22 00:00:00.0,""907.3"""
"2017-08-23 00:00:00.0,""906.1"""
"2017-08-24 00:00:00.0,""905.5"""
"2017-08-25 00:00:00.0,""904.9"""
"2017-08-26 00:00:00.0,""902.8"""
"2017-08-27 00:00:00.0,""902.0"""
"2017-08-28 00:00:00.0,""903.3"""
"2017-08-29 00:00:00.0,""903.6"""
"2017-08-30 00:00:00.0,""905.0"""
"2017-08-31 00:00:00.0,""908.5"""
"2017-09-01 00:00:00.0,""910.3"""
"2017-09-02 00:00:00.0,""910.2"""
"2017-09-03 00:00:00.0,""905.8"""
"2017-09-04 00:00:00.0,""907.0"""
"2017-09-05 00:00:00.0,""911.5"""
"2017-09-06 00:00:00.0,""912.1"""
"2017-09-07 00:00:00.0,""909.3"""
"2017-09-08 00:00:00.0,""904.8"""
"2017-09-09 00:00:00.0,""902.8"""
"2017-09-10 00:00:00.0,""905.8"""
"2017-09-11 00:00:00.0,""905.9"""
"2017-09-12 00:00:00.0,""908.7"""
"2017-09-13 00:00:00.0,""910.5"""
"2017-09-14 00:00:00.0,""909.6"""
"2017-09-15 00:00:00.0,""906.7"""
"2017-09-16 00:00:00.0,""905.6"""
"2017-09-17 00:00:00.0,""906.6"""
"2017-09-18 00:00:00.0,""908.5"""
"2017-09-19 00:00:00.0,""911.0"""
"2017-09-20 00:00:00.0,""907.6"""
"2017-09-21 00:00:00.0,""906.7"""
"2017-09-22 00:00:00.0,""907.3"""
"2017-09-23 00:00:00.0,""906.7"""
"2017-09-24 00:00:00.0,""908.0"""
"2017-09-25 00:00:00.0,""910.4"""
"2017-09-26 00:00:00.0,""908.5"""
"2017-09-27 00:00:00.0,""908.0"""
"2017-09-28 00:00:00.0,""909.7"""
"2017-09-29 00:00:00.0,""910.3"""
"2017-09-30 00:00:00.0,""910.5"""
"2017-10-01 00:00:00.0,""912.7"""
"2017-10-02 00:00:00.0,""913.0"""
"2017-10-03 00:00:00.0,""910.6"""
"2017-10-04 00:00:00.0,""909.6"""
"2017-10-05 00:00:00.0,""910.8"""
"2017-10-06 00:00:00.0,""910.5"""
"2017-10-07 00:00:00.0,""909.7"""
"2017-10-08 00:00:00.0,""909.2"""
"2017-10-09 00:00:00.0,""908.9"""
"2017-10-10 00:00:00.0,""908.5"""
"2017-10-11 00:00:00.0,""909.4"""
"2017-10-12 00:00:00.0,""911.6"""
"2017-10-13 00:00:00.0,""912.1"""
"2017-10-14 00:00:00.0,""910.5"""
"2017-10-15 00:00:00.0,""907.6"""
"2017-10-16 00:00:00.0,""907.6"""
"2017-10-17 00:00:00.0,""902.9"""
"2017-10-18 00:00:00.0,""898.7"""
"2017-10-19 00:00:00.0,""900.2"""
"2017-10-20 00:00:00.0,""905.0"""
"2017-10-21 00:00:00.0,""912.3"""
"2017-10-22 00:00:00.0,""914.2"""
"2017-10-23 00:00:00.0,""912.7"""
"2017-10-24 00:00:00.0,""910.8"""
"2017-10-25 00:00:00.0,""909.9"""
"2017-10-26 00:00:00.0,""913.8"""
"2017-10-27 00:00:00.0,""918.1"""
"2017-10-28 00:00:00.0,""914.8"""
"2017-10-29 00:00:00.0,""911.5"""
"2017-10-30 00:00:00.0,""907.7"""
"2017-10-31 00:00:00.0,""905.9"""
"2017-11-01 00:00:00.0,""904.0"""
"2017-11-02 00:00:00.0,""901.2"""
"2017-11-03 00:00:00.0,""898.3"""
"2017-11-04 00:00:00.0,""901.6"""
"2017-11-05 00:00:00.0,""912.2"""
"2017-11-06 00:00:00.0,""911.4"""
"2017-11-07 00:00:00.0,""909.1"""
"2017-11-08 00:00:00.0,""912.7"""
"2017-11-09 00:00:00.0,""915.4"""
"2017-11-10 00:00:00.0,""917.8"""
"2017-11-11 00:00:00.0,""915.4"""
"2017-11-12 00:00:00.0,""911.4"""
"2017-11-13 00:00:00.0,""909.5"""
"2017-11-14 00:00:00.0,""907.3"""
"2017-11-15 00:00:00.0,""906.2"""
"2017-11-16 00:00:00.0,""907.5"""
"2017-11-17 00:00:00.0,""908.0"""
"2017-11-18 00:00:00.0,""907.9"""
"2017-11-19 00:00:00.0,""908.8"""
"2017-11-20 00:00:00.0,""909.1"""
"2017-11-21 00:00:00.0,""905.8"""
"2017-11-22 00:00:00.0,""896.5"""
"2017-11-23 00:00:00.0,""899.4"""
"2017-11-24 00:00:00.0,""903.0"""
"2017-11-25 00:00:00.0,""909.0"""
"2017-11-26 00:00:00.0,""913.5"""
"2017-11-27 00:00:00.0,""911.2"""
"2017-11-28 00:00:00.0,""903.6"""
"2017-11-29 00:00:00.0,""899.3"""
"2017-11-30 00:00:00.0,""905.8"""
"2017-12-01 00:00:00.0,""908.2"""
"2017-12-02 00:00:00.0,""911.5"""
"2017-12-03 00:00:00.0,""914.5"""
"2017-12-04 00:00:00.0,""917.8"""
"2017-12-05 00:00:00.0,""918.0"""
"2017-12-06 00:00:00.0,""915.8"""
"2017-12-07 00:00:00.0,""913.5"""
"2017-12-08 00:00:00.0,""913.1"""
"2017-12-09 00:00:00.0,""910.3"""
"2017-12-10 00:00:00.0,""891.0"""
"2017-12-11 00:00:00.0,""885.7"""
"2017-12-12 00:00:00.0,""903.8"""
"2017-12-13 00:00:00.0,""908.4"""
"2017-12-14 00:00:00.0,""904.8"""
"2017-12-15 00:00:00.0,""902.1"""
"2017-12-16 00:00:00.0,""909.9"""
"2017-12-17 00:00:00.0,""915.7"""
"2017-12-18 00:00:00.0,""917.8"""
"2017-12-19 00:00:00.0,""917.1"""
"2017-12-20 00:00:00.0,""918.6"""
"2017-12-21 00:00:00.0,""921.8"""
"2017-12-22 00:00:00.0,""922.3"""
"2017-12-23 00:00:00.0,""918.3"""
"2017-12-24 00:00:00.0,""914.4"""
"2017-12-25 00:00:00.0,""905.2"""
"2017-12-26 00:00:00.0,""899.7"""
"2017-12-27 00:00:00.0,""898.5"""
"2017-12-28 00:00:00.0,""901.2"""
"2017-12-29 00:00:00.0,""907.1"""
"2017-12-30 00:00:00.0,""909.7"""
"2017-12-31 00:00:00.0,""907.0"""
"2018-01-01 00:00:00.0,""913.7"""
"2018-01-02 00:00:00.0,""915.0"""
"2018-01-03 00:00:00.0,""915.9"""
"2018-01-04 00:00:00.0,""909.0"""
"2018-01-05 00:00:00.0,""895.7"""
"2018-01-06 00:00:00.0,""891.5"""
"2018-01-07 00:00:00.0,""891.6"""
"2018-01-08 00:00:00.0,""897.4"""
"2018-01-09 00:00:00.0,""896.8"""
"2018-01-10 00:00:00.0,""901.0"""
"2018-01-11 00:00:00.0,""909.0"""
"2018-01-12 00:00:00.0,""907.1"""
"2018-01-13 00:00:00.0,""901.1"""
"2018-01-14 00:00:00.0,""905.1"""
"2018-01-15 00:00:00.0,""910.6"""
"2018-01-16 00:00:00.0,""913.0"""
"2018-01-17 00:00:00.0,""913.8"""
"2018-01-18 00:00:00.0,""910.3"""
"2018-01-19 00:00:00.0,""910.9"""
"2018-01-20 00:00:00.0,""913.4"""
"2018-01-21 00:00:00.0,""916.1"""
"2018-01-22 00:00:00.0,""915.4"""
"2018-01-23 00:00:00.0,""914.2"""
"2018-01-24 00:00:00.0,""909.4"""
"2018-01-25 00:00:00.0,""905.4"""
"2018-01-26 00:00:00.0,""912.8"""
"2018-01-27 00:00:00.0,""917.8"""
"2018-01-28 00:00:00.0,""919.2"""
"2018-01-29 00:00:00.0,""918.3"""
"2018-01-30 00:00:00.0,""913.4"""
"2018-01-31 00:00:00.0,""908.7"""
"2018-02-01 00:00:00.0,""902.7"""
"2018-02-02 00:00:00.0,""904.0"""
"2018-02-03 00:00:00.0,""904.7"""
"2018-02-04 00:00:00.0,""899.7"""
"2018-02-05 00:00:00.0,""898.8"""
"2018-02-06 00:00:00.0,""901.3"""
"2018-02-07 00:00:00.0,""904.8"""
"2018-02-08 00:00:00.0,""906.5"""
"2018-02-09 00:00:00.0,""907.3"""
"2018-02-10 00:00:00.0,""910.4"""
"2018-02-11 00:00:00.0,""907.8"""
"2018-02-12 00:00:00.0,""907.4"""
"2018-02-13 00:00:00.0,""901.7"""
"2018-02-14 00:00:00.0,""902.3"""
"2018-02-15 00:00:00.0,""907.0"""
"2018-02-16 00:00:00.0,""908.4"""
"2018-02-17 00:00:00.0,""911.6"""
"2018-02-18 00:00:00.0,""911.1"""
"2018-02-19 00:00:00.0,""908.5"""
"2018-02-20 00:00:00.0,""907.6"""
"2018-02-21 00:00:00.0,""901.2"""
"2018-02-22 00:00:00.0,""896.9"""
"2018-02-23 00:00:00.0,""892.9"""
"2018-02-24 00:00:00.0,""892.8"""
"2018-02-25 00:00:00.0,""897.6"""
"2018-02-26 00:00:00.0,""894.1"""
"2018-02-27 00:00:00.0,""888.4"""
"2018-02-28 00:00:00.0,""875.9"""
"2018-03-01 00:00:00.0,""870.7"""
"2018-03-02 00:00:00.0,""877.4"""
"2018-03-03 00:00:00.0,""880.7"""
"2018-03-04 00:00:00.0,""881.4"""
"2018-03-05 00:00:00.0,""880.3"""
"2018-03-06 00:00:00.0,""886.9"""
"2018-03-07 00:00:00.0,""893.0"""
"2018-03-08 00:00:00.0,""891.1"""
"2018-03-09 00:00:00.0,""887.9"""
"2018-03-10 00:00:00.0,""883.3"""
"2018-03-11 00:00:00.0,""882.8"""
"2018-03-12 00:00:00.0,""899.0"""
"2018-03-13 00:00:00.0,""898.4"""
"2018-03-14 00:00:00.0,""884.7"""
"2018-03-15 00:00:00.0,""885.2"""
"2018-03-16 00:00:00.0,""889.9"""
"2018-03-17 00:00:00.0,""888.5"""
"2018-03-18 00:00:00.0,""893.6"""
"2018-03-19 00:00:00.0,""896.8"""
"2018-03-20 00:00:00.0,""906.8"""
"2018-03-21 00:00:00.0,""913.2"""
"2018-03-22 00:00:00.0,""909.4"""
"2018-03-23 00:00:00.0,""897.3"""
"2018-03-24 00:00:00.0,""893.1"""
"2018-03-25 00:00:00.0,""900.7"""
"2018-03-26 00:00:00.0,""910.5"""
"2018-03-27 00:00:00.0,""912.3"""
"2018-03-28 00:00:00.0,""904.8"""
"2018-03-29 00:00:00.0,""894.5"""
"2018-03-30 00:00:00.0,""888.7"""
"2018-03-31 00:00:00.0,""899.5"""
"2018-04-01 00:00:00.0,""896.6"""
"2018-04-02 00:00:00.0,""889.2"""
"2018-04-03 00:00:00.0,""887.4"""
"2018-04-04 00:00:00.0,""897.4"""
"2018-04-05 00:00:00.0,""900.2"""
"2018-04-06 00:00:00.0,""892.5"""
"2018-04-07 00:00:00.0,""892.1"""
"2018-04-08 00:00:00.0,""893.0"""
"2018-04-09 00:00:00.0,""894.1"""
"2018-04-10 00:00:00.0,""885.3"""
"2018-04-11 00:00:00.0,""891.7"""
"2018-04-12 00:00:00.0,""887.1"""
"2018-04-13 00:00:00.0,""894.6"""
"2018-04-14 00:00:00.0,""901.8"""
"2018-04-15 00:00:00.0,""901.8"""
"2018-04-16 00:00:00.0,""904.0"""
"2018-04-17 00:00:00.0,""908.4"""
"2018-04-18 00:00:00.0,""908.4"""
"2018-04-19 00:00:00.0,""907.4"""
"2018-04-20 00:00:00.0,""905.3"""
"2018-04-21 00:00:00.0,""904.1"""
"2018-04-22 00:00:00.0,""904.2"""
"2018-04-23 00:00:00.0,""906.0"""
"2018-04-24 00:00:00.0,""906.0"""
"2018-04-25 00:00:00.0,""907.9"""
"2018-04-26 00:00:00.0,""905.6"""
"2018-04-27 00:00:00.0,""902.4"""
"2018-04-28 00:00:00.0,""896.9"""
"2018-04-29 00:00:00.0,""895.3"""
"2018-04-30 00:00:00.0,""901.1"""
"2018-05-01 00:00:00.0,""902.2"""
"2018-05-02 00:00:00.0,""902.6"""
"2018-05-03 00:00:00.0,""905.8"""
"2018-05-04 00:00:00.0,""904.5"""
"2018-05-05 00:00:00.0,""904.5"""
"2018-05-06 00:00:00.0,""904.4"""
"2018-05-07 00:00:00.0,""904.3"""
"2018-05-08 00:00:00.0,""903.6"""
"2018-05-09 00:00:00.0,""902.7"""
"2018-05-10 00:00:00.0,""904.3"""
"2018-05-11 00:00:00.0,""903.5"""
"2018-05-12 00:00:00.0,""906.1"""
"2018-05-13 00:00:00.0,""909.2"""
"2018-05-14 00:00:00.0,""909.1"""
"2018-05-15 00:00:00.0,""907.9"""
"2018-05-16 00:00:00.0,""904.9"""
"2018-05-17 00:00:00.0,""903.3"""
"2018-05-18 00:00:00.0,""904.1"""
"2018-05-19 00:00:00.0,""905.4"""
"2018-05-20 00:00:00.0,""901.8"""
"2018-05-21 00:00:00.0,""899.6"""
"2018-05-22 00:00:00.0,""902.5"""
"2018-05-23 00:00:00.0,""903.9"""
"2018-05-24 00:00:00.0,""902.9"""
"2018-05-25 00:00:00.0,""900.8"""
"2018-05-26 00:00:00.0,""901.2"""
"2018-05-27 00:00:00.0,""903.1"""
"2018-05-28 00:00:00.0,""903.3"""
"2018-05-29 00:00:00.0,""902.1"""
"2018-05-30 00:00:00.0,""902.8"""
"2018-05-31 00:00:00.0,""905.3"""
"2018-06-01 00:00:00.0,""906.9"""
"2018-06-02 00:00:00.0,""905.4"""
"2018-06-03 00:00:00.0,""902.6"""
"2018-06-04 00:00:00.0,""900.9"""
"2018-06-05 00:00:00.0,""901.5"""
"2018-06-06 00:00:00.0,""903.8"""
"2018-06-07 00:00:00.0,""902.5"""
"2018-06-08 00:00:00.0,""899.5"""
"2018-06-09 00:00:00.0,""899.4"""
"2018-06-10 00:00:00.0,""899.5"""
"2018-06-11 00:00:00.0,""903.4"""
"2018-06-12 00:00:00.0,""907.4"""
"2018-06-13 00:00:00.0,""909.0"""
"2018-06-14 00:00:00.0,""907.8"""
"2018-06-15 00:00:00.0,""906.8"""
"2018-06-16 00:00:00.0,""908.0"""
"2018-06-17 00:00:00.0,""911.6"""
"2018-06-18 00:00:00.0,""911.8"""
"2018-06-19 00:00:00.0,""908.4"""
"2018-06-20 00:00:00.0,""907.7"""
"2018-06-21 00:00:00.0,""908.3"""
"2018-06-22 00:00:00.0,""907.9"""
"2018-06-23 00:00:00.0,""906.7"""
"2018-06-24 00:00:00.0,""905.6"""
"2018-06-25 00:00:00.0,""905.8"""
"2018-06-26 00:00:00.0,""906.9"""
"2018-06-27 00:00:00.0,""906.8"""
"2018-06-28 00:00:00.0,""903.0"""
"2018-06-29 00:00:00.0,""898.9"""
"2018-06-30 00:00:00.0,""897.3"""
"2018-07-01 00:00:00.0,""899.2"""
"2018-07-02 00:00:00.0,""902.7"""
"2018-07-03 00:00:00.0,""905.6"""
"2018-07-04 00:00:00.0,""906.6"""
"2018-07-05 00:00:00.0,""910.5"""
"2018-07-06 00:00:00.0,""909.5"""
"2018-07-07 00:00:00.0,""908.2"""
"2018-07-08 00:00:00.0,""908.8"""
"2018-07-09 00:00:00.0,""909.7"""
"2018-07-10 00:00:00.0,""907.7"""
"2018-07-11 00:00:00.0,""905.5"""
"2018-07-12 00:00:00.0,""905.2"""
"2018-07-13 00:00:00.0,""905.3"""
"2018-07-14 00:00:00.0,""906.3"""
"2018-07-15 00:00:00.0,""906.8"""
"2018-07-16 00:00:00.0,""909.3"""
