"Instante lectura","Humidade relativa media aÂ 1.5m"
"2014-01-01 00:00:00.0","86.0"
"2014-01-02 00:00:00.0","88.0"
"2014-01-03 00:00:00.0","80.0"
"2014-01-04 00:00:00.0","78.0"
"2014-01-05 00:00:00.0","84.0"
"2014-01-06 00:00:00.0","83.0"
"2014-01-07 00:00:00.0","80.0"
"2014-01-08 00:00:00.0","84.0"
"2014-01-09 00:00:00.0","95.0"
"2014-01-10 00:00:00.0","93.0"
"2014-01-11 00:00:00.0","92.0"
"2014-01-12 00:00:00.0","88.0"
"2014-01-13 00:00:00.0","90.0"
"2014-01-14 00:00:00.0","95.0"
"2014-01-15 00:00:00.0","89.0"
"2014-01-16 00:00:00.0","86.0"
"2014-01-17 00:00:00.0","78.0"
"2014-01-18 00:00:00.0","91.0"
"2014-01-19 00:00:00.0","90.0"
"2014-01-20 00:00:00.0","92.0"
"2014-01-21 00:00:00.0","92.0"
"2014-01-22 00:00:00.0","90.0"
"2014-01-23 00:00:00.0","92.0"
"2014-01-24 00:00:00.0","95.0"
"2014-01-25 00:00:00.0","97.0"
"2014-01-26 00:00:00.0","94.0"
"2014-01-27 00:00:00.0","89.0"
"2014-01-28 00:00:00.0","88.0"
"2014-01-29 00:00:00.0","90.0"
"2014-01-30 00:00:00.0","96.0"
"2014-01-31 00:00:00.0","93.0"
"2014-02-01 00:00:00.0","84.0"
"2014-02-02 00:00:00.0","84.0"
"2014-02-03 00:00:00.0","85.0"
"2014-02-04 00:00:00.0","83.0"
"2014-02-05 00:00:00.0","79.0"
"2014-02-06 00:00:00.0","85.0"
"2014-02-07 00:00:00.0","83.0"
"2014-02-08 00:00:00.0","83.0"
"2014-02-09 00:00:00.0","85.0"
"2014-02-10 00:00:00.0","82.0"
"2014-02-11 00:00:00.0","81.0"
"2014-02-12 00:00:00.0","86.0"
"2014-02-13 00:00:00.0","82.0"
"2014-02-14 00:00:00.0","81.0"
"2014-02-15 00:00:00.0","90.0"
"2014-02-16 00:00:00.0","85.0"
"2014-02-17 00:00:00.0","82.0"
"2014-02-18 00:00:00.0","92.0"
"2014-02-19 00:00:00.0","91.0"
"2014-02-20 00:00:00.0","84.0"
"2014-02-21 00:00:00.0","87.0"
"2014-02-22 00:00:00.0","81.0"
"2014-02-23 00:00:00.0","65.0"
"2014-02-24 00:00:00.0","79.0"
"2014-02-25 00:00:00.0","85.0"
"2014-02-26 00:00:00.0","83.0"
"2014-02-27 00:00:00.0","81.0"
"2014-02-28 00:00:00.0","84.0"
"2014-03-01 00:00:00.0","95.0"
"2014-03-02 00:00:00.0","92.0"
"2014-03-03 00:00:00.0","87.0"
"2014-03-04 00:00:00.0","93.0"
"2014-03-05 00:00:00.0","84.0"
"2014-03-06 00:00:00.0","80.0"
"2014-03-07 00:00:00.0","81.0"
"2014-03-08 00:00:00.0","76.0"
"2014-03-09 00:00:00.0","62.0"
"2014-03-10 00:00:00.0","61.0"
"2014-03-11 00:00:00.0","60.0"
"2014-03-12 00:00:00.0","67.0"
"2014-03-13 00:00:00.0","71.0"
"2014-03-14 00:00:00.0","87.0"
"2014-03-15 00:00:00.0","73.0"
"2014-03-16 00:00:00.0","67.0"
"2014-03-17 00:00:00.0","80.0"
"2014-03-18 00:00:00.0","77.0"
"2014-03-19 00:00:00.0","68.0"
"2014-03-20 00:00:00.0","84.0"
"2014-03-21 00:00:00.0","86.0"
"2014-03-22 00:00:00.0","80.0"
"2014-03-23 00:00:00.0","78.0"
"2014-03-24 00:00:00.0","78.0"
"2014-03-25 00:00:00.0","83.0"
"2014-03-26 00:00:00.0","83.0"
"2014-03-27 00:00:00.0","84.0"
"2014-03-28 00:00:00.0","80.0"
"2014-03-29 00:00:00.0","82.0"
"2014-03-30 00:00:00.0","80.0"
"2014-03-31 00:00:00.0","79.0"
"2014-04-01 00:00:00.0","87.0"
"2014-04-02 00:00:00.0","77.0"
"2014-04-03 00:00:00.0","87.0"
"2014-04-04 00:00:00.0","87.0"
"2014-04-05 00:00:00.0","92.0"
"2014-04-06 00:00:00.0","80.0"
"2014-04-07 00:00:00.0","86.0"
"2014-04-08 00:00:00.0","79.0"
"2014-04-09 00:00:00.0","68.0"
"2014-04-10 00:00:00.0","74.0"
"2014-04-11 00:00:00.0","77.0"
"2014-04-12 00:00:00.0","74.0"
"2014-04-13 00:00:00.0","69.0"
"2014-04-14 00:00:00.0","73.0"
"2014-04-15 00:00:00.0","76.0"
"2014-04-16 00:00:00.0","76.0"
"2014-04-17 00:00:00.0","75.0"
"2014-04-18 00:00:00.0","91.0"
"2014-04-19 00:00:00.0","84.0"
"2014-04-20 00:00:00.0","85.0"
"2014-04-21 00:00:00.0","89.0"
"2014-04-22 00:00:00.0","77.0"
"2014-04-23 00:00:00.0","76.0"
"2014-04-24 00:00:00.0","88.0"
"2014-04-25 00:00:00.0","88.9"
"2014-04-26 00:00:00.0","77.9"
"2014-04-27 00:00:00.0","80.6"
"2014-04-28 00:00:00.0","82.7"
"2014-04-29 00:00:00.0","86.2"
"2014-04-30 00:00:00.0","91.0"
"2014-05-01 00:00:00.0","79.5"
"2014-05-02 00:00:00.0","73.5"
"2014-05-03 00:00:00.0","65.5"
"2014-05-04 00:00:00.0","65.2"
"2014-05-05 00:00:00.0","79.9"
"2014-05-06 00:00:00.0","87.7"
"2014-05-07 00:00:00.0","80.3"
"2014-05-08 00:00:00.0","79.8"
"2014-05-09 00:00:00.0","80.4"
"2014-05-10 00:00:00.0","85.6"
"2014-05-11 00:00:00.0","72.9"
"2014-05-12 00:00:00.0","75.5"
"2014-05-13 00:00:00.0","68.6"
"2014-05-14 00:00:00.0","57.8"
"2014-05-15 00:00:00.0","58.1"
"2014-05-16 00:00:00.0","57.1"
"2014-05-17 00:00:00.0","50.1"
"2014-05-18 00:00:00.0","70.3"
"2014-05-19 00:00:00.0","75.6"
"2014-05-20 00:00:00.0","78.2"
"2014-05-21 00:00:00.0","85.6"
"2014-05-22 00:00:00.0","86.2"
"2014-05-23 00:00:00.0","79.6"
"2014-05-24 00:00:00.0","78.6"
"2014-05-25 00:00:00.0","87.4"
"2014-05-26 00:00:00.0","82.1"
"2014-05-27 00:00:00.0","87.6"
"2014-05-28 00:00:00.0","85.0"
"2014-05-29 00:00:00.0","95.0"
"2014-05-30 00:00:00.0","83.0"
"2014-05-31 00:00:00.0","76.0"
"2014-06-01 00:00:00.0","76.0"
"2014-06-02 00:00:00.0","75.0"
"2014-06-03 00:00:00.0","78.0"
"2014-06-04 00:00:00.0","74.0"
"2014-06-05 00:00:00.0","83.0"
"2014-06-06 00:00:00.0","77.0"
"2014-06-07 00:00:00.0","72.0"
"2014-06-08 00:00:00.0","80.0"
"2014-06-09 00:00:00.0","80.0"
"2014-06-10 00:00:00.0","74.0"
"2014-06-11 00:00:00.0","70.0"
"2014-06-12 00:00:00.0","65.0"
"2014-06-13 00:00:00.0","72.0"
"2014-06-14 00:00:00.0","68.0"
"2014-06-15 00:00:00.0","56.0"
"2014-06-16 00:00:00.0","63.8"
"2014-06-17 00:00:00.0","58.0"
"2014-06-18 00:00:00.0","72.0"
"2014-06-19 00:00:00.0","80.0"
"2014-06-20 00:00:00.0","82.0"
"2014-06-21 00:00:00.0","85.0"
"2014-06-22 00:00:00.0","81.0"
"2014-06-23 00:00:00.0","86.0"
"2014-06-24 00:00:00.0","89.0"
"2014-06-25 00:00:00.0","83.0"
"2014-06-26 00:00:00.0","80.0"
"2014-06-27 00:00:00.0","77.0"
"2014-06-28 00:00:00.0","78.0"
"2014-06-29 00:00:00.0","80.0"
"2014-06-30 00:00:00.0","80.0"
"2014-07-01 00:00:00.0","89.0"
"2014-07-02 00:00:00.0","77.0"
"2014-07-03 00:00:00.0","78.0"
"2014-07-04 00:00:00.0","82.0"
"2014-07-05 00:00:00.0","88.0"
"2014-07-06 00:00:00.0","77.0"
"2014-07-07 00:00:00.0","77.0"
"2014-07-08 00:00:00.0","82.0"
"2014-07-09 00:00:00.0","70.0"
"2014-07-10 00:00:00.0","61.0"
"2014-07-11 00:00:00.0","70.0"
"2014-07-12 00:00:00.0","76.0"
"2014-07-13 00:00:00.0","78.0"
"2014-07-14 00:00:00.0","75.0"
"2014-07-15 00:00:00.0","75.0"
"2014-07-16 00:00:00.0","76.0"
"2014-07-17 00:00:00.0","84.0"
"2014-07-18 00:00:00.0","88.0"
"2014-07-19 00:00:00.0","88.0"
"2014-07-20 00:00:00.0","82.0"
"2014-07-21 00:00:00.0","78.0"
"2014-07-22 00:00:00.0","70.0"
"2014-07-23 00:00:00.0","79.0"
"2014-07-24 00:00:00.0","82.0"
"2014-07-25 00:00:00.0","79.0"
"2014-07-26 00:00:00.0","77.0"
"2014-07-27 00:00:00.0","72.0"
"2014-07-28 00:00:00.0","76.0"
"2014-07-29 00:00:00.0","69.0"
"2014-07-30 00:00:00.0","69.0"
"2014-07-31 00:00:00.0","75.0"
"2014-08-01 00:00:00.0","80.0"
"2014-08-02 00:00:00.0","86.0"
"2014-08-03 00:00:00.0","81.0"
"2014-08-04 00:00:00.0","77.0"
"2014-08-05 00:00:00.0","80.0"
"2014-08-06 00:00:00.0","81.0"
"2014-08-07 00:00:00.0","84.0"
"2014-08-08 00:00:00.0","93.0"
"2014-08-09 00:00:00.0","86.0"
"2014-08-10 00:00:00.0","91.0"
"2014-08-11 00:00:00.0","78.0"
"2014-08-12 00:00:00.0","87.0"
"2014-08-13 00:00:00.0","78.0"
"2014-08-14 00:00:00.0","77.0"
"2014-08-15 00:00:00.0","77.0"
"2014-08-16 00:00:00.0","71.0"
"2014-08-17 00:00:00.0","69.0"
"2014-08-18 00:00:00.0","75.0"
"2014-08-19 00:00:00.0","76.0"
"2014-08-20 00:00:00.0","73.0"
"2014-08-21 00:00:00.0","74.0"
"2014-08-22 00:00:00.0","76.0"
"2014-08-23 00:00:00.0","76.0"
"2014-08-24 00:00:00.0","74.0"
"2014-08-25 00:00:00.0","84.0"
"2014-08-26 00:00:00.0","94.0"
"2014-08-27 00:00:00.0","87.0"
"2014-08-28 00:00:00.0","82.0"
"2014-08-29 00:00:00.0","79.0"
"2014-08-30 00:00:00.0","73.0"
"2014-08-31 00:00:00.0","70.0"
"2014-09-01 00:00:00.0","67.0"
"2014-09-02 00:00:00.0","74.0"
"2014-09-03 00:00:00.0","81.0"
"2014-09-04 00:00:00.0","80.0"
"2014-09-05 00:00:00.0","77.5"
"2014-09-06 00:00:00.0","83.8"
"2014-09-07 00:00:00.0","90.9"
"2014-09-08 00:00:00.0","82.4"
"2014-09-09 00:00:00.0","80.3"
"2014-09-10 00:00:00.0","81.9"
"2014-09-11 00:00:00.0","75.8"
"2014-09-12 00:00:00.0","80.1"
"2014-09-13 00:00:00.0","79.9"
"2014-09-14 00:00:00.0","85.0"
"2014-09-15 00:00:00.0","86.5"
"2014-09-16 00:00:00.0","84.9"
"2014-09-17 00:00:00.0","82.7"
"2014-09-18 00:00:00.0","85.1"
"2014-09-19 00:00:00.0","79.5"
"2014-09-20 00:00:00.0","74.0"
"2014-09-21 00:00:00.0","80.5"
"2014-09-22 00:00:00.0","87.0"
"2014-09-23 00:00:00.0","83.8"
"2014-09-24 00:00:00.0","74.1"
"2014-09-25 00:00:00.0","74.7"
"2014-09-26 00:00:00.0","73.0"
"2014-09-27 00:00:00.0","76.6"
"2014-09-28 00:00:00.0","86.1"
"2014-09-29 00:00:00.0","82.5"
"2014-09-30 00:00:00.0","84.3"
"2014-10-01 00:00:00.0","79.7"
"2014-10-02 00:00:00.0","75.1"
"2014-10-03 00:00:00.0","78.4"
"2014-10-04 00:00:00.0","91.8"
"2014-10-05 00:00:00.0","83.6"
"2014-10-06 00:00:00.0","86.0"
"2014-10-07 00:00:00.0","88.8"
"2014-10-08 00:00:00.0","94.2"
"2014-10-09 00:00:00.0","94.8"
"2014-10-10 00:00:00.0","91.5"
"2014-10-11 00:00:00.0","84.4"
"2014-10-12 00:00:00.0","90.8"
"2014-10-13 00:00:00.0","90.7"
"2014-10-14 00:00:00.0","82.6"
"2014-10-15 00:00:00.0","91.2"
"2014-10-16 00:00:00.0","91.3"
"2014-10-17 00:00:00.0","79.6"
"2014-10-18 00:00:00.0","74.8"
"2014-10-19 00:00:00.0","83.5"
"2014-10-20 00:00:00.0","86.0"
"2014-10-21 00:00:00.0","88.0"
"2014-10-22 00:00:00.0","83.3"
"2014-10-23 00:00:00.0","83.9"
"2014-10-24 00:00:00.0","87.6"
"2014-10-25 00:00:00.0","85.1"
"2014-10-26 00:00:00.0","85.0"
"2014-10-27 00:00:00.0","87.0"
"2014-10-28 00:00:00.0","82.7"
"2014-10-29 00:00:00.0","87.2"
"2014-10-30 00:00:00.0","85.8"
"2014-10-31 00:00:00.0","83.5"
"2014-11-01 00:00:00.0","87.2"
"2014-11-02 00:00:00.0","91.5"
"2014-11-03 00:00:00.0","88.9"
"2014-11-04 00:00:00.0","93.1"
"2014-11-05 00:00:00.0","96.4"
"2014-11-06 00:00:00.0","92.0"
"2014-11-07 00:00:00.0","82.2"
"2014-11-08 00:00:00.0","89.5"
"2014-11-09 00:00:00.0","93.2"
"2014-11-10 00:00:00.0","88.7"
"2014-11-11 00:00:00.0","90.3"
"2014-11-12 00:00:00.0","87.6"
"2014-11-13 00:00:00.0","83.5"
"2014-11-14 00:00:00.0","83.9"
"2014-11-15 00:00:00.0","90.7"
"2014-11-16 00:00:00.0","94.9"
"2014-11-17 00:00:00.0","90.9"
"2014-11-18 00:00:00.0","84.8"
"2014-11-19 00:00:00.0","89.7"
"2014-11-20 00:00:00.0","82.7"
"2014-11-21 00:00:00.0","91.1"
"2014-11-22 00:00:00.0","98.3"
"2014-11-23 00:00:00.0","95.3"
"2014-11-24 00:00:00.0","90.8"
"2014-11-25 00:00:00.0","89.6"
"2014-11-26 00:00:00.0","93.3"
"2014-11-27 00:00:00.0","82.5"
"2014-11-28 00:00:00.0","89.0"
"2014-11-29 00:00:00.0","94.1"
"2014-11-30 00:00:00.0","81.6"
"2014-12-01 00:00:00.0","88.3"
"2014-12-02 00:00:00.0","85.3"
"2014-12-03 00:00:00.0","83.5"
"2014-12-04 00:00:00.0","96.0"
"2014-12-05 00:00:00.0","96.1"
"2014-12-06 00:00:00.0","92.3"
"2014-12-07 00:00:00.0","95.9"
"2014-12-08 00:00:00.0","95.3"
"2014-12-09 00:00:00.0","93.3"
"2014-12-10 00:00:00.0","89.9"
"2014-12-11 00:00:00.0","90.1"
"2014-12-12 00:00:00.0","83.5"
"2014-12-13 00:00:00.0","90.5"
"2014-12-14 00:00:00.0","85.9"
"2014-12-15 00:00:00.0","97.4"
"2014-12-16 00:00:00.0","98.1"
"2014-12-17 00:00:00.0","94.4"
"2014-12-18 00:00:00.0","89.0"
"2014-12-19 00:00:00.0","86.5"
"2014-12-20 00:00:00.0","94.1"
"2014-12-21 00:00:00.0","91.2"
"2014-12-22 00:00:00.0","96.7"
"2014-12-23 00:00:00.0","97.6"
"2014-12-24 00:00:00.0","95.3"
"2014-12-25 00:00:00.0","94.3"
"2014-12-26 00:00:00.0","95.5"
"2014-12-27 00:00:00.0","94.0"
"2014-12-28 00:00:00.0","88.4"
"2014-12-29 00:00:00.0","80.5"
"2014-12-30 00:00:00.0","61.7"
"2014-12-31 00:00:00.0","84.3"
"2015-01-01 00:00:00.0","85.5"
"2015-01-02 00:00:00.0","88.9"
"2015-01-03 00:00:00.0","85.4"
"2015-01-04 00:00:00.0","87.9"
"2015-01-05 00:00:00.0","91.7"
"2015-01-06 00:00:00.0","83.2"
"2015-01-07 00:00:00.0","91.3"
"2015-01-08 00:00:00.0","90.6"
"2015-01-09 00:00:00.0","94.1"
"2015-01-10 00:00:00.0","98.7"
"2015-01-11 00:00:00.0","91.0"
"2015-01-12 00:00:00.0","87.9"
"2015-01-13 00:00:00.0","86.4"
"2015-01-14 00:00:00.0","85.7"
"2015-01-15 00:00:00.0","90.1"
"2015-01-16 00:00:00.0","91.1"
"2015-01-17 00:00:00.0","90.9"
"2015-01-18 00:00:00.0","85.3"
"2015-01-19 00:00:00.0","89.0"
"2015-01-20 00:00:00.0","93.0"
"2015-01-21 00:00:00.0","92.0"
"2015-01-22 00:00:00.0","94.6"
"2015-01-23 00:00:00.0","94.0"
"2015-01-24 00:00:00.0","93.5"
"2015-01-25 00:00:00.0","89.1"
"2015-01-26 00:00:00.0","90.3"
"2015-01-27 00:00:00.0","86.3"
"2015-01-28 00:00:00.0","89.4"
"2015-01-29 00:00:00.0","95.2"
"2015-01-30 00:00:00.0","95.8"
"2015-01-31 00:00:00.0","85.8"
"2015-02-01 00:00:00.0","90.3"
"2015-02-02 00:00:00.0","91.3"
"2015-02-03 00:00:00.0","90.3"
"2015-02-04 00:00:00.0","91.3"
"2015-02-05 00:00:00.0","93.3"
"2015-02-06 00:00:00.0","88.1"
"2015-02-07 00:00:00.0","78.9"
"2015-02-08 00:00:00.0","76.9"
"2015-02-09 00:00:00.0","63.2"
"2015-02-10 00:00:00.0","68.5"
"2015-02-11 00:00:00.0","82.0"
"2015-02-12 00:00:00.0","88.1"
"2015-02-13 00:00:00.0","88.0"
"2015-02-14 00:00:00.0","91.1"
"2015-02-15 00:00:00.0","92.6"
"2015-02-16 00:00:00.0","92.5"
"2015-02-17 00:00:00.0","76.8"
"2015-02-18 00:00:00.0","72.0"
"2015-02-19 00:00:00.0","83.6"
"2015-02-20 00:00:00.0","91.5"
"2015-02-21 00:00:00.0","84.4"
"2015-02-22 00:00:00.0","94.2"
"2015-02-23 00:00:00.0","88.4"
"2015-02-24 00:00:00.0","82.8"
"2015-02-25 00:00:00.0","92.9"
"2015-02-26 00:00:00.0","94.7"
"2015-02-27 00:00:00.0","79.8"
"2015-02-28 00:00:00.0","95.6"
"2015-03-01 00:00:00.0","91.2"
"2015-03-02 00:00:00.0","96.3"
"2015-03-03 00:00:00.0","97.2"
"2015-03-04 00:00:00.0","73.5"
"2015-03-05 00:00:00.0","62.5"
"2015-03-06 00:00:00.0","70.8"
"2015-03-07 00:00:00.0","68.2"
"2015-03-08 00:00:00.0","70.9"
"2015-03-09 00:00:00.0","76.4"
"2015-03-10 00:00:00.0","85.4"
"2015-03-11 00:00:00.0","84.3"
"2015-03-12 00:00:00.0","87.4"
"2015-03-13 00:00:00.0","74.3"
"2015-03-14 00:00:00.0","69.8"
"2015-03-15 00:00:00.0","78.0"
"2015-03-16 00:00:00.0","73.8"
"2015-03-17 00:00:00.0","73.9"
"2015-03-18 00:00:00.0","70.7"
"2015-03-19 00:00:00.0","70.7"
"2015-03-20 00:00:00.0","66.9"
"2015-03-21 00:00:00.0","68.3"
"2015-03-22 00:00:00.0","65.2"
"2015-03-23 00:00:00.0","73.5"
"2015-03-24 00:00:00.0","72.4"
"2015-03-25 00:00:00.0","78.7"
"2015-03-26 00:00:00.0","95.6"
"2015-03-27 00:00:00.0","89.8"
"2015-03-28 00:00:00.0","88.1"
"2015-03-29 00:00:00.0","84.5"
"2015-03-30 00:00:00.0","80.4"
"2015-03-31 00:00:00.0","84.2"
"2015-04-01 00:00:00.0","67.1"
"2015-04-02 00:00:00.0","60.6"
"2015-04-03 00:00:00.0","65.1"
"2015-04-04 00:00:00.0","70.5"
"2015-04-05 00:00:00.0","63.8"
"2015-04-06 00:00:00.0","67.7"
"2015-04-07 00:00:00.0","61.7"
"2015-04-08 00:00:00.0","55.6"
"2015-04-09 00:00:00.0","89.7"
"2015-04-10 00:00:00.0","89.8"
"2015-04-11 00:00:00.0","79.4"
"2015-04-12 00:00:00.0","68.5"
"2015-04-13 00:00:00.0","56.4"
"2015-04-14 00:00:00.0","57.1"
"2015-04-15 00:00:00.0","87.3"
"2015-04-16 00:00:00.0","93.7"
"2015-04-17 00:00:00.0","83.6"
"2015-04-18 00:00:00.0","83.8"
"2015-04-19 00:00:00.0","83.9"
"2015-04-20 00:00:00.0","77.2"
"2015-04-21 00:00:00.0","77.3"
"2015-04-22 00:00:00.0","89.0"
"2015-04-23 00:00:00.0","81.6"
"2015-04-24 00:00:00.0","86.2"
"2015-04-25 00:00:00.0","87.1"
"2015-04-26 00:00:00.0","84.5"
"2015-04-27 00:00:00.0","86.8"
"2015-04-28 00:00:00.0","79.9"
"2015-04-29 00:00:00.0","76.3"
"2015-04-30 00:00:00.0","85.7"
"2015-05-01 00:00:00.0","91.1"
"2015-05-02 00:00:00.0","82.9"
"2015-05-03 00:00:00.0","81.4"
"2015-05-04 00:00:00.0","86.6"
"2015-05-05 00:00:00.0","82.0"
"2015-05-06 00:00:00.0","77.1"
"2015-05-07 00:00:00.0","76.4"
"2015-05-08 00:00:00.0","86.0"
"2015-05-09 00:00:00.0","79.0"
"2015-05-10 00:00:00.0","83.5"
"2015-05-11 00:00:00.0","72.0"
"2015-05-12 00:00:00.0","73.7"
"2015-05-13 00:00:00.0","80.9"
"2015-05-14 00:00:00.0","70.3"
"2015-05-15 00:00:00.0","74.7"
"2015-05-16 00:00:00.0","74.3"
"2015-05-17 00:00:00.0","70.2"
"2015-05-18 00:00:00.0","79.9"
"2015-05-19 00:00:00.0","69.1"
"2015-05-20 00:00:00.0","77.5"
"2015-05-21 00:00:00.0","65.3"
"2015-05-22 00:00:00.0","66.2"
"2015-05-23 00:00:00.0","66.0"
"2015-05-24 00:00:00.0","69.8"
"2015-05-25 00:00:00.0","71.6"
"2015-05-26 00:00:00.0","65.1"
"2015-05-27 00:00:00.0","67.0"
"2015-05-28 00:00:00.0","72.2"
"2015-05-29 00:00:00.0","73.1"
"2015-05-30 00:00:00.0","73.8"
"2015-05-31 00:00:00.0","87.1"
"2015-06-01 00:00:00.0","77.3"
"2015-06-02 00:00:00.0","73.9"
"2015-06-03 00:00:00.0","73.2"
"2015-06-04 00:00:00.0","74.3"
"2015-06-05 00:00:00.0","80.6"
"2015-06-06 00:00:00.0","71.5"
"2015-06-07 00:00:00.0","67.7"
"2015-06-08 00:00:00.0","73.3"
"2015-06-09 00:00:00.0","76.1"
"2015-06-10 00:00:00.0","66.6"
"2015-06-11 00:00:00.0","72.9"
"2015-06-12 00:00:00.0","71.4"
"2015-06-13 00:00:00.0","73.9"
"2015-06-14 00:00:00.0","82.4"
"2015-06-15 00:00:00.0","77.2"
"2015-06-16 00:00:00.0","73.5"
"2015-06-17 00:00:00.0","63.5"
"2015-06-18 00:00:00.0","55.2"
"2015-06-19 00:00:00.0","62.9"
"2015-06-20 00:00:00.0","60.7"
"2015-06-21 00:00:00.0","58.7"
"2015-06-22 00:00:00.0","79.8"
"2015-06-23 00:00:00.0","89.8"
"2015-06-24 00:00:00.0","77.4"
"2015-06-25 00:00:00.0","79.8"
"2015-06-26 00:00:00.0","71.4"
"2015-06-27 00:00:00.0","72.9"
"2015-06-28 00:00:00.0","78.9"
"2015-06-29 00:00:00.0","64.1"
"2015-06-30 00:00:00.0","76.9"
"2015-07-01 00:00:00.0","80.9"
"2015-07-02 00:00:00.0","73.7"
"2015-07-03 00:00:00.0","68.5"
"2015-07-04 00:00:00.0","81.9"
"2015-07-05 00:00:00.0","66.5"
"2015-07-06 00:00:00.0","65.1"
"2015-07-07 00:00:00.0","75.1"
"2015-07-08 00:00:00.0","66.5"
"2015-07-09 00:00:00.0","57.6"
"2015-07-10 00:00:00.0","74.7"
"2015-07-11 00:00:00.0","75.9"
"2015-07-12 00:00:00.0","73.3"
"2015-07-13 00:00:00.0","73.2"
"2015-07-14 00:00:00.0","69.2"
"2015-07-15 00:00:00.0","70.4"
"2015-07-16 00:00:00.0","78.8"
"2015-07-17 00:00:00.0","72.7"
"2015-07-18 00:00:00.0","83.3"
"2015-07-19 00:00:00.0","80.1"
"2015-07-20 00:00:00.0","79.1"
"2015-07-21 00:00:00.0","76.8"
"2015-07-22 00:00:00.0","72.2"
"2015-07-23 00:00:00.0","69.3"
"2015-07-24 00:00:00.0","79.8"
"2015-07-25 00:00:00.0","65.1"
"2015-07-26 00:00:00.0","82.9"
"2015-07-27 00:00:00.0","69.3"
"2015-07-28 00:00:00.0","82.1"
"2015-07-29 00:00:00.0","81.2"
"2015-07-30 00:00:00.0","73.5"
"2015-07-31 00:00:00.0","73.2"
"2015-08-01 00:00:00.0","66.0"
"2015-08-02 00:00:00.0","72.4"
"2015-08-03 00:00:00.0","76.1"
"2015-08-04 00:00:00.0","71.7"
"2015-08-05 00:00:00.0","84.7"
"2015-08-06 00:00:00.0","74.9"
"2015-08-07 00:00:00.0","73.2"
"2015-08-08 00:00:00.0","69.8"
"2015-08-09 00:00:00.0","62.9"
"2015-08-10 00:00:00.0","74.2"
"2015-08-11 00:00:00.0","77.7"
"2015-08-12 00:00:00.0","85.0"
"2015-08-13 00:00:00.0","94.9"
"2015-08-14 00:00:00.0","87.6"
"2015-08-15 00:00:00.0","89.1"
"2015-08-16 00:00:00.0","93.5"
"2015-08-17 00:00:00.0","85.7"
"2015-08-18 00:00:00.0","80.9"
"2015-08-19 00:00:00.0","76.6"
"2015-08-20 00:00:00.0","74.6"
"2015-08-21 00:00:00.0","80.1"
"2015-08-22 00:00:00.0","91.6"
"2015-08-23 00:00:00.0","88.0"
"2015-08-24 00:00:00.0","78.7"
"2015-08-25 00:00:00.0","82.5"
"2015-08-26 00:00:00.0","82.5"
"2015-08-27 00:00:00.0","88.9"
"2015-08-28 00:00:00.0","92.4"
"2015-08-29 00:00:00.0","85.9"
"2015-08-30 00:00:00.0","80.9"
"2015-08-31 00:00:00.0","95.6"
"2015-09-01 00:00:00.0","79.6"
"2015-09-02 00:00:00.0","79.2"
"2015-09-03 00:00:00.0","75.1"
"2015-09-04 00:00:00.0","76.6"
"2015-09-05 00:00:00.0","74.6"
"2015-09-06 00:00:00.0","67.9"
"2015-09-07 00:00:00.0","67.9"
"2015-09-08 00:00:00.0","74.8"
"2015-09-09 00:00:00.0","86.8"
"2015-09-10 00:00:00.0","80.7"
"2015-09-11 00:00:00.0","86.3"
"2015-09-12 00:00:00.0","85.8"
"2015-09-13 00:00:00.0","87.2"
"2015-09-14 00:00:00.0","80.3"
"2015-09-15 00:00:00.0","91.1"
"2015-09-16 00:00:00.0","87.8"
"2015-09-17 00:00:00.0","90.8"
"2015-09-18 00:00:00.0","86.2"
"2015-09-19 00:00:00.0","80.6"
"2015-09-20 00:00:00.0","75.6"
"2015-09-21 00:00:00.0","86.1"
"2015-09-22 00:00:00.0","89.7"
"2015-09-23 00:00:00.0","86.3"
"2015-09-24 00:00:00.0","84.4"
"2015-09-25 00:00:00.0","83.0"
"2015-09-26 00:00:00.0","81.2"
"2015-09-27 00:00:00.0","79.5"
"2015-09-28 00:00:00.0","69.9"
"2015-09-29 00:00:00.0","73.5"
"2015-09-30 00:00:00.0","88.2"
"2015-10-01 00:00:00.0","78.7"
"2015-10-02 00:00:00.0","85.3"
"2015-10-03 00:00:00.0","92.2"
"2015-10-04 00:00:00.0","89.4"
"2015-10-05 00:00:00.0","87.1"
"2015-10-06 00:00:00.0","88.1"
"2015-10-07 00:00:00.0","86.0"
"2015-10-08 00:00:00.0","84.3"
"2015-10-09 00:00:00.0","73.9"
"2015-10-10 00:00:00.0","80.4"
"2015-10-11 00:00:00.0","87.2"
"2015-10-12 00:00:00.0","88.0"
"2015-10-13 00:00:00.0","81.4"
"2015-10-14 00:00:00.0","79.5"
"2015-10-15 00:00:00.0","81.8"
"2015-10-16 00:00:00.0","80.7"
"2015-10-17 00:00:00.0","68.7"
"2015-10-18 00:00:00.0","92.9"
"2015-10-19 00:00:00.0","95.5"
"2015-10-20 00:00:00.0","72.7"
"2015-10-21 00:00:00.0","74.5"
"2015-10-22 00:00:00.0","78.4"
"2015-10-23 00:00:00.0","86.0"
"2015-10-24 00:00:00.0","90.5"
"2015-10-25 00:00:00.0","83.1"
"2015-10-26 00:00:00.0","91.2"
"2015-10-27 00:00:00.0","86.6"
"2015-10-28 00:00:00.0","89.8"
"2015-10-29 00:00:00.0","89.3"
"2015-10-30 00:00:00.0","72.7"
"2015-10-31 00:00:00.0","75.3"
"2015-11-01 00:00:00.0","89.2"
"2015-11-02 00:00:00.0","84.7"
"2015-11-03 00:00:00.0","89.1"
"2015-11-04 00:00:00.0","85.8"
"2015-11-05 00:00:00.0","91.5"
"2015-11-06 00:00:00.0","88.2"
"2015-11-07 00:00:00.0","87.7"
"2015-11-08 00:00:00.0","87.3"
"2015-11-09 00:00:00.0","91.2"
"2015-11-10 00:00:00.0","97.4"
"2015-11-11 00:00:00.0","95.0"
"2015-11-12 00:00:00.0","94.2"
"2015-11-13 00:00:00.0","92.7"
"2015-11-14 00:00:00.0","90.8"
"2015-11-15 00:00:00.0","93.0"
"2015-11-16 00:00:00.0","85.8"
"2015-11-17 00:00:00.0","89.1"
"2015-11-18 00:00:00.0","87.5"
"2015-11-19 00:00:00.0","92.9"
"2015-11-20 00:00:00.0","92.4"
"2015-11-21 00:00:00.0","91.6"
"2015-11-22 00:00:00.0","96.0"
"2015-11-23 00:00:00.0","93.5"
"2015-11-24 00:00:00.0","98.6"
"2015-11-25 00:00:00.0","97.3"
"2015-11-26 00:00:00.0","99.7"
"2015-11-27 00:00:00.0","95.5"
"2015-11-28 00:00:00.0","83.2"
"2015-11-29 00:00:00.0","90.6"
"2015-11-30 00:00:00.0","95.1"
"2015-12-01 00:00:00.0","91.8"
"2015-12-02 00:00:00.0","94.6"
"2015-12-03 00:00:00.0","78.6"
"2015-12-04 00:00:00.0","93.9"
"2015-12-05 00:00:00.0","99.0"
"2015-12-06 00:00:00.0","-9999.0"
"2015-12-07 00:00:00.0","-9999.0"
"2015-12-08 00:00:00.0","94.5"
"2015-12-09 00:00:00.0","87.1"
"2015-12-10 00:00:00.0","95.5"
"2015-12-11 00:00:00.0","98.0"
"2015-12-12 00:00:00.0","93.6"
"2015-12-13 00:00:00.0","80.5"
"2015-12-14 00:00:00.0","84.5"
"2015-12-15 00:00:00.0","82.0"
"2015-12-16 00:00:00.0","52.3"
"2015-12-17 00:00:00.0","70.0"
"2015-12-18 00:00:00.0","84.1"
"2015-12-19 00:00:00.0","59.8"
"2015-12-20 00:00:00.0","86.6"
"2015-12-21 00:00:00.0","75.6"
"2015-12-22 00:00:00.0","73.0"
"2015-12-23 00:00:00.0","95.9"
"2015-12-24 00:00:00.0","79.9"
"2015-12-25 00:00:00.0","74.1"
"2015-12-26 00:00:00.0","66.6"
"2015-12-27 00:00:00.0","55.4"
"2015-12-28 00:00:00.0","79.7"
"2015-12-29 00:00:00.0","74.9"
"2015-12-30 00:00:00.0","82.0"
"2015-12-31 00:00:00.0","86.3"
"2016-01-01 00:00:00.0","83.0"
"2016-01-02 00:00:00.0","85.0"
"2016-01-03 00:00:00.0","92.0"
"2016-01-04 00:00:00.0","93.0"
"2016-01-05 00:00:00.0","92.0"
"2016-01-06 00:00:00.0","93.0"
"2016-01-07 00:00:00.0","93.0"
"2016-01-08 00:00:00.0","92.5"
"2016-01-09 00:00:00.0","86.1"
"2016-01-10 00:00:00.0","92.6"
"2016-01-11 00:00:00.0","87.3"
"2016-01-12 00:00:00.0","94.5"
"2016-01-13 00:00:00.0","90.5"
"2016-01-14 00:00:00.0","86.9"
"2016-01-15 00:00:00.0","86.0"
"2016-01-16 00:00:00.0","79.0"
"2016-01-17 00:00:00.0","79.5"
"2016-01-18 00:00:00.0","91.2"
"2016-01-19 00:00:00.0","89.0"
"2016-01-20 00:00:00.0","79.0"
"2016-01-21 00:00:00.0","87.8"
"2016-01-22 00:00:00.0","87.8"
"2016-01-23 00:00:00.0","90.1"
"2016-01-24 00:00:00.0","75.3"
"2016-01-25 00:00:00.0","86.9"
"2016-01-26 00:00:00.0","87.7"
"2016-01-27 00:00:00.0","75.5"
"2016-01-28 00:00:00.0","92.0"
"2016-01-29 00:00:00.0","90.8"
"2016-01-30 00:00:00.0","92.7"
"2016-01-31 00:00:00.0","93.3"
"2016-02-01 00:00:00.0","92.7"
"2016-02-02 00:00:00.0","90.8"
"2016-02-03 00:00:00.0","82.5"
"2016-02-04 00:00:00.0","77.0"
"2016-02-05 00:00:00.0","82.1"
"2016-02-06 00:00:00.0","86.5"
"2016-02-07 00:00:00.0","89.1"
"2016-02-08 00:00:00.0","92.6"
"2016-02-09 00:00:00.0","89.5"
"2016-02-10 00:00:00.0","95.3"
"2016-02-11 00:00:00.0","94.7"
"2016-02-12 00:00:00.0","97.3"
"2016-02-13 00:00:00.0","92.5"
"2016-02-14 00:00:00.0","87.1"
"2016-02-15 00:00:00.0","81.7"
"2016-02-16 00:00:00.0","84.5"
"2016-02-17 00:00:00.0","96.2"
"2016-02-18 00:00:00.0","94.7"
"2016-02-19 00:00:00.0","90.2"
"2016-02-20 00:00:00.0","86.5"
"2016-02-21 00:00:00.0","78.8"
"2016-02-22 00:00:00.0","92.7"
"2016-02-23 00:00:00.0","82.4"
"2016-02-24 00:00:00.0","90.4"
"2016-02-25 00:00:00.0","92.4"
"2016-02-26 00:00:00.0","92.6"
"2016-02-27 00:00:00.0","94.1"
"2016-02-28 00:00:00.0","90.0"
"2016-02-29 00:00:00.0","79.0"
"2016-03-01 00:00:00.0","83.4"
"2016-03-02 00:00:00.0","87.5"
"2016-03-03 00:00:00.0","86.2"
"2016-03-04 00:00:00.0","90.5"
"2016-03-05 00:00:00.0","91.0"
"2016-03-06 00:00:00.0","92.9"
"2016-03-07 00:00:00.0","88.3"
"2016-03-08 00:00:00.0","89.9"
"2016-03-09 00:00:00.0","82.4"
"2016-03-10 00:00:00.0","81.5"
"2016-03-11 00:00:00.0","77.4"
"2016-03-12 00:00:00.0","74.5"
"2016-03-13 00:00:00.0","68.6"
"2016-03-14 00:00:00.0","65.0"
"2016-03-15 00:00:00.0","74.0"
"2016-03-16 00:00:00.0","78.1"
"2016-03-17 00:00:00.0","77.9"
"2016-03-18 00:00:00.0","93.9"
"2016-03-19 00:00:00.0","91.1"
"2016-03-20 00:00:00.0","93.9"
"2016-03-21 00:00:00.0","78.3"
"2016-03-22 00:00:00.0","78.4"
"2016-03-23 00:00:00.0","74.3"
"2016-03-24 00:00:00.0","79.1"
"2016-03-25 00:00:00.0","92.8"
"2016-03-26 00:00:00.0","88.8"
"2016-03-27 00:00:00.0","82.0"
"2016-03-28 00:00:00.0","85.0"
"2016-03-29 00:00:00.0","90.0"
"2016-03-30 00:00:00.0","86.0"
"2016-03-31 00:00:00.0","81.5"
"2016-04-01 00:00:00.0","78.0"
"2016-04-02 00:00:00.0","81.0"
"2016-04-03 00:00:00.0","84.0"
"2016-04-04 00:00:00.0","88.0"
"2016-04-05 00:00:00.0","82.0"
"2016-04-06 00:00:00.0","84.0"
"2016-04-07 00:00:00.0","75.0"
"2016-04-08 00:00:00.0","81.0"
"2016-04-09 00:00:00.0","83.0"
"2016-04-10 00:00:00.0","87.0"
"2016-04-11 00:00:00.0","82.0"
"2016-04-12 00:00:00.0","78.0"
"2016-04-13 00:00:00.0","77.0"
"2016-04-14 00:00:00.0","79.0"
"2016-04-15 00:00:00.0","94.0"
"2016-04-16 00:00:00.0","94.0"
"2016-04-17 00:00:00.0","86.0"
"2016-04-18 00:00:00.0","74.0"
"2016-04-19 00:00:00.0","78.0"
"2016-04-20 00:00:00.0","80.0"
"2016-04-21 00:00:00.0","83.0"
"2016-04-22 00:00:00.0","86.0"
"2016-04-23 00:00:00.0","87.0"
"2016-04-24 00:00:00.0","77.0"
"2016-04-25 00:00:00.0","74.0"
"2016-04-26 00:00:00.0","78.0"
"2016-04-27 00:00:00.0","78.0"
"2016-04-28 00:00:00.0","72.0"
"2016-04-29 00:00:00.0","73.0"
"2016-04-30 00:00:00.0","66.0"
"2016-05-01 00:00:00.0","61.0"
"2016-05-02 00:00:00.0","62.0"
"2016-05-03 00:00:00.0","60.0"
"2016-05-04 00:00:00.0","61.0"
"2016-05-05 00:00:00.0","86.0"
"2016-05-06 00:00:00.0","96.0"
"2016-05-07 00:00:00.0","82.0"
"2016-05-08 00:00:00.0","83.0"
"2016-05-09 00:00:00.0","84.0"
"2016-05-10 00:00:00.0","88.0"
"2016-05-11 00:00:00.0","87.0"
"2016-05-12 00:00:00.0","90.0"
"2016-05-13 00:00:00.0","95.0"
"2016-05-14 00:00:00.0","96.0"
"2016-05-15 00:00:00.0","84.0"
"2016-05-16 00:00:00.0","79.0"
"2016-05-17 00:00:00.0","79.0"
"2016-05-18 00:00:00.0","80.0"
"2016-05-19 00:00:00.0","87.0"
"2016-05-20 00:00:00.0","76.0"
"2016-05-21 00:00:00.0","90.0"
"2016-05-22 00:00:00.0","75.0"
"2016-05-23 00:00:00.0","68.0"
"2016-05-24 00:00:00.0","88.0"
"2016-05-25 00:00:00.0","84.0"
"2016-05-26 00:00:00.0","80.0"
"2016-05-27 00:00:00.0","85.0"
"2016-05-28 00:00:00.0","90.0"
"2016-05-29 00:00:00.0","83.0"
"2016-05-30 00:00:00.0","88.0"
"2016-05-31 00:00:00.0","78.0"
"2016-06-01 00:00:00.0","64.0"
"2016-06-02 00:00:00.0","69.0"
"2016-06-03 00:00:00.0","81.0"
"2016-06-04 00:00:00.0","78.0"
"2016-06-05 00:00:00.0","83.0"
"2016-06-06 00:00:00.0","85.0"
"2016-06-07 00:00:00.0","77.0"
"2016-06-08 00:00:00.0","77.0"
"2016-06-09 00:00:00.0","83.0"
"2016-06-10 00:00:00.0","80.0"
"2016-06-11 00:00:00.0","82.0"
"2016-06-12 00:00:00.0","91.0"
"2016-06-13 00:00:00.0","82.0"
"2016-06-14 00:00:00.0","89.0"
"2016-06-15 00:00:00.0","93.0"
"2016-06-16 00:00:00.0","89.0"
"2016-06-17 00:00:00.0","87.0"
"2016-06-18 00:00:00.0","82.0"
"2016-06-19 00:00:00.0","79.0"
"2016-06-20 00:00:00.0","78.0"
"2016-06-21 00:00:00.0","80.0"
"2016-06-22 00:00:00.0","85.0"
"2016-06-23 00:00:00.0","87.0"
"2016-06-24 00:00:00.0","84.0"
"2016-06-25 00:00:00.0","75.0"
"2016-06-26 00:00:00.0","70.0"
"2016-06-27 00:00:00.0","75.0"
"2016-06-28 00:00:00.0","80.0"
"2016-06-29 00:00:00.0","73.0"
"2016-06-30 00:00:00.0","84.0"
"2016-07-01 00:00:00.0","81.0"
"2016-07-02 00:00:00.0","78.0"
"2016-07-03 00:00:00.0","73.0"
"2016-07-04 00:00:00.0","77.0"
"2016-07-05 00:00:00.0","77.0"
"2016-07-06 00:00:00.0","75.0"
"2016-07-07 00:00:00.0","75.0"
"2016-07-08 00:00:00.0","74.0"
"2016-07-09 00:00:00.0","69.0"
"2016-07-10 00:00:00.0","78.0"
"2016-07-11 00:00:00.0","77.0"
"2016-07-12 00:00:00.0","75.0"
"2016-07-13 00:00:00.0","69.0"
"2016-07-14 00:00:00.0","64.0"
"2016-07-15 00:00:00.0","60.0"
"2016-07-16 00:00:00.0","57.0"
"2016-07-17 00:00:00.0","64.0"
"2016-07-18 00:00:00.0","69.0"
"2016-07-19 00:00:00.0","81.0"
"2016-07-20 00:00:00.0","75.0"
"2016-07-21 00:00:00.0","78.0"
"2016-07-22 00:00:00.0","82.0"
"2016-07-23 00:00:00.0","73.0"
"2016-07-24 00:00:00.0","68.0"
"2016-07-25 00:00:00.0","73.0"
"2016-07-26 00:00:00.0","75.0"
"2016-07-27 00:00:00.0","70.0"
"2016-07-28 00:00:00.0","74.0"
"2016-07-29 00:00:00.0","77.0"
"2016-07-30 00:00:00.0","78.0"
"2016-07-31 00:00:00.0","73.0"
"2016-08-01 00:00:00.0","74.0"
"2016-08-02 00:00:00.0","72.0"
"2016-08-03 00:00:00.0","77.0"
"2016-08-04 00:00:00.0","86.0"
"2016-08-05 00:00:00.0","74.0"
"2016-08-06 00:00:00.0","61.0"
"2016-08-07 00:00:00.0","59.0"
"2016-08-08 00:00:00.0","65.0"
"2016-08-09 00:00:00.0","73.0"
"2016-08-10 00:00:00.0","61.0"
"2016-08-11 00:00:00.0","60.0"
"2016-08-12 00:00:00.0","58.0"
"2016-08-13 00:00:00.0","64.0"
"2016-08-14 00:00:00.0","65.0"
"2016-08-15 00:00:00.0","74.0"
"2016-08-16 00:00:00.0","76.0"
"2016-08-17 00:00:00.0","81.0"
"2016-08-18 00:00:00.0","69.0"
"2016-08-19 00:00:00.0","75.0"
"2016-08-20 00:00:00.0","75.0"
"2016-08-21 00:00:00.0","69.0"
"2016-08-22 00:00:00.0","62.0"
"2016-08-23 00:00:00.0","67.0"
"2016-08-24 00:00:00.0","80.0"
"2016-08-25 00:00:00.0","91.0"
"2016-08-26 00:00:00.0","73.0"
"2016-08-27 00:00:00.0","75.0"
"2016-08-28 00:00:00.0","74.0"
"2016-08-29 00:00:00.0","73.0"
"2016-08-30 00:00:00.0","68.0"
"2016-08-31 00:00:00.0","75.0"
"2016-09-01 00:00:00.0","73.0"
"2016-09-02 00:00:00.0","77.0"
"2016-09-03 00:00:00.0","70.0"
"2016-09-04 00:00:00.0","64.0"
"2016-09-05 00:00:00.0","66.0"
"2016-09-06 00:00:00.0","63.0"
"2016-09-07 00:00:00.0","76.0"
"2016-09-08 00:00:00.0","70.0"
"2016-09-09 00:00:00.0","77.0"
"2016-09-10 00:00:00.0","84.0"
"2016-09-11 00:00:00.0","77.0"
"2016-09-12 00:00:00.0","81.0"
"2016-09-13 00:00:00.0","84.0"
"2016-09-14 00:00:00.0","88.0"
"2016-09-15 00:00:00.0","81.0"
"2016-09-16 00:00:00.0","87.0"
"2016-09-17 00:00:00.0","80.0"
"2016-09-18 00:00:00.0","79.0"
"2016-09-19 00:00:00.0","77.0"
"2016-09-20 00:00:00.0","80.0"
"2016-09-21 00:00:00.0","86.0"
"2016-09-22 00:00:00.0","83.0"
"2016-09-23 00:00:00.0","81.0"
"2016-09-24 00:00:00.0","85.0"
"2016-09-25 00:00:00.0","83.0"
"2016-09-26 00:00:00.0","82.0"
"2016-09-27 00:00:00.0","87.0"
"2016-09-28 00:00:00.0","80.0"
"2016-09-29 00:00:00.0","78.0"
"2016-09-30 00:00:00.0","90.0"
"2016-10-01 00:00:00.0","82.0"
"2016-10-02 00:00:00.0","79.0"
"2016-10-03 00:00:00.0","80.0"
"2016-10-04 00:00:00.0","89.0"
"2016-10-05 00:00:00.0","89.0"
"2016-10-06 00:00:00.0","77.0"
"2016-10-07 00:00:00.0","80.0"
"2016-10-08 00:00:00.0","83.0"
"2016-10-09 00:00:00.0","79.0"
"2016-10-10 00:00:00.0","80.0"
"2016-10-11 00:00:00.0","94.0"
"2016-10-12 00:00:00.0","92.0"
"2016-10-13 00:00:00.0","94.0"
"2016-10-14 00:00:00.0","87.0"
"2016-10-15 00:00:00.0","87.0"
"2016-10-16 00:00:00.0","87.0"
"2016-10-17 00:00:00.0","94.0"
"2016-10-18 00:00:00.0","85.0"
"2016-10-19 00:00:00.0","82.0"
"2016-10-20 00:00:00.0","79.0"
"2016-10-21 00:00:00.0","78.0"
"2016-10-22 00:00:00.0","87.0"
"2016-10-23 00:00:00.0","77.0"
"2016-10-24 00:00:00.0","74.0"
"2016-10-25 00:00:00.0","79.0"
"2016-10-26 00:00:00.0","82.0"
"2016-10-27 00:00:00.0","80.0"
"2016-10-28 00:00:00.0","82.0"
"2016-10-29 00:00:00.0","88.0"
"2016-10-30 00:00:00.0","87.0"
"2016-10-31 00:00:00.0","86.0"
"2016-11-01 00:00:00.0","87.0"
"2016-11-02 00:00:00.0","87.0"
"2016-11-03 00:00:00.0","94.0"
"2016-11-04 00:00:00.0","97.0"
"2016-11-05 00:00:00.0","89.0"
"2016-11-06 00:00:00.0","95.0"
"2016-11-07 00:00:00.0","91.0"
"2016-11-08 00:00:00.0","91.0"
"2016-11-09 00:00:00.0","91.0"
"2016-11-10 00:00:00.0","93.0"
"2016-11-11 00:00:00.0","93.0"
"2016-11-12 00:00:00.0","98.0"
"2016-11-13 00:00:00.0","86.0"
"2016-11-14 00:00:00.0","78.0"
"2016-11-15 00:00:00.0","78.0"
"2016-11-16 00:00:00.0","87.0"
"2016-11-17 00:00:00.0","92.0"
"2016-11-18 00:00:00.0","88.0"
"2016-11-19 00:00:00.0","89.0"
"2016-11-20 00:00:00.0","89.0"
"2016-11-21 00:00:00.0","89.0"
"2016-11-22 00:00:00.0","94.0"
"2016-11-23 00:00:00.0","89.0"
"2016-11-24 00:00:00.0","92.0"
"2016-11-25 00:00:00.0","75.0"
"2016-11-26 00:00:00.0","84.0"
"2016-11-27 00:00:00.0","87.0"
"2016-11-28 00:00:00.0","89.0"
"2016-11-29 00:00:00.0","84.0"
"2016-11-30 00:00:00.0","74.0"
"2016-12-01 00:00:00.0","74.0"
"2016-12-02 00:00:00.0","88.0"
"2016-12-03 00:00:00.0","73.0"
"2016-12-04 00:00:00.0","72.0"
"2016-12-05 00:00:00.0","80.0"
"2016-12-06 00:00:00.0","88.0"
"2016-12-07 00:00:00.0","85.0"
"2016-12-08 00:00:00.0","73.0"
"2016-12-09 00:00:00.0","63.0"
"2016-12-10 00:00:00.0","72.0"
"2016-12-11 00:00:00.0","84.0"
"2016-12-12 00:00:00.0","92.0"
"2016-12-13 00:00:00.0","87.0"
"2016-12-14 00:00:00.0","88.0"
"2016-12-15 00:00:00.0","90.0"
"2016-12-16 00:00:00.0","91.0"
"2016-12-17 00:00:00.0","88.0"
"2016-12-18 00:00:00.0","84.0"
"2016-12-19 00:00:00.0","87.0"
"2016-12-20 00:00:00.0","95.0"
"2016-12-21 00:00:00.0","98.0"
"2016-12-22 00:00:00.0","97.0"
"2016-12-23 00:00:00.0","96.0"
"2016-12-24 00:00:00.0","92.0"
"2016-12-25 00:00:00.0","93.0"
"2016-12-26 00:00:00.0","92.0"
"2016-12-27 00:00:00.0","87.0"
"2016-12-28 00:00:00.0","91.0"
"2016-12-29 00:00:00.0","90.0"
"2016-12-30 00:00:00.0","88.0"
"2016-12-31 00:00:00.0","88.0"
"2017-01-01 00:00:00.0","96.0"
"2017-01-02 00:00:00.0","70.0"
"2017-01-03 00:00:00.0","73.0"
"2017-01-04 00:00:00.0","91.0"
"2017-01-05 00:00:00.0","86.0"
"2017-01-06 00:00:00.0","87.0"
"2017-01-07 00:00:00.0","83.0"
"2017-01-08 00:00:00.0","84.0"
"2017-01-09 00:00:00.0","85.0"
"2017-01-10 00:00:00.0","95.0"
"2017-01-11 00:00:00.0","94.0"
"2017-01-12 00:00:00.0","94.0"
"2017-01-13 00:00:00.0","92.0"
"2017-01-14 00:00:00.0","94.0"
"2017-01-15 00:00:00.0","89.0"
"2017-01-16 00:00:00.0","89.0"
"2017-01-17 00:00:00.0","83.0"
"2017-01-18 00:00:00.0","59.0"
"2017-01-19 00:00:00.0","72.0"
"2017-01-20 00:00:00.0","74.0"
"2017-01-21 00:00:00.0","78.0"
"2017-01-22 00:00:00.0","86.0"
"2017-01-23 00:00:00.0","87.0"
"2017-01-24 00:00:00.0","85.0"
"2017-01-25 00:00:00.0","77.0"
"2017-01-26 00:00:00.0","80.0"
"2017-01-27 00:00:00.0","89.0"
"2017-01-28 00:00:00.0","92.0"
"2017-01-29 00:00:00.0","89.0"
"2017-01-30 00:00:00.0","84.0"
"2017-01-31 00:00:00.0","86.0"
"2017-02-01 00:00:00.0","83.0"
"2017-02-02 00:00:00.0","84.0"
"2017-02-03 00:00:00.0","83.0"
"2017-02-04 00:00:00.0","86.0"
"2017-02-05 00:00:00.0","80.0"
"2017-02-06 00:00:00.0","87.0"
"2017-02-07 00:00:00.0","87.0"
"2017-02-08 00:00:00.0","88.0"
"2017-02-09 00:00:00.0","79.0"
"2017-02-10 00:00:00.0","69.0"
"2017-02-11 00:00:00.0","75.0"
"2017-02-12 00:00:00.0","84.0"
"2017-02-13 00:00:00.0","85.0"
"2017-02-14 00:00:00.0","83.0"
"2017-02-15 00:00:00.0","87.0"
"2017-02-16 00:00:00.0","80.0"
"2017-02-17 00:00:00.0","82.0"
"2017-02-18 00:00:00.0","91.0"
"2017-02-19 00:00:00.0","84.0"
"2017-02-20 00:00:00.0","80.0"
"2017-02-21 00:00:00.0","80.0"
"2017-02-22 00:00:00.0","77.0"
"2017-02-23 00:00:00.0","89.0"
"2017-02-24 00:00:00.0","75.0"
"2017-02-25 00:00:00.0","85.0"
"2017-02-26 00:00:00.0","87.0"
"2017-02-27 00:00:00.0","84.0"
"2017-02-28 00:00:00.0","87.0"
"2017-03-01 00:00:00.0","89.0"
"2017-03-02 00:00:00.0","78.0"
"2017-03-03 00:00:00.0","87.0"
"2017-03-04 00:00:00.0","83.0"
"2017-03-05 00:00:00.0","91.0"
"2017-03-06 00:00:00.0","84.0"
"2017-03-07 00:00:00.0","90.0"
"2017-03-08 00:00:00.0","82.0"
"2017-03-09 00:00:00.0","78.0"
"2017-03-10 00:00:00.0","75.0"
"2017-03-11 00:00:00.0","88.0"
"2017-03-12 00:00:00.0","85.0"
"2017-03-13 00:00:00.0","70.0"
"2017-03-14 00:00:00.0","70.0"
"2017-03-15 00:00:00.0","65.0"
"2017-03-16 00:00:00.0","70.0"
"2017-03-17 00:00:00.0","77.0"
"2017-03-18 00:00:00.0","79.0"
"2017-03-19 00:00:00.0","84.0"
"2017-03-20 00:00:00.0","83.0"
"2017-03-21 00:00:00.0","79.0"
"2017-03-22 00:00:00.0","90.0"
"2017-03-23 00:00:00.0","93.0"
"2017-03-24 00:00:00.0","82.0"
"2017-03-25 00:00:00.0","82.0"
"2017-03-26 00:00:00.0","78.0"
"2017-03-27 00:00:00.0","76.0"
"2017-03-28 00:00:00.0","66.0"
"2017-03-29 00:00:00.0","65.0"
"2017-03-30 00:00:00.0","75.0"
"2017-03-31 00:00:00.0","84.0"
"2017-04-01 00:00:00.0","81.0"
"2017-04-02 00:00:00.0","74.0"
"2017-04-03 00:00:00.0","69.0"
"2017-04-04 00:00:00.0","71.0"
"2017-04-05 00:00:00.0","67.0"
"2017-04-06 00:00:00.0","66.0"
"2017-04-07 00:00:00.0","66.0"
"2017-04-08 00:00:00.0","69.0"
"2017-04-09 00:00:00.0","66.0"
"2017-04-10 00:00:00.0","61.0"
"2017-04-11 00:00:00.0","66.0"
"2017-04-12 00:00:00.0","65.0"
"2017-04-13 00:00:00.0","77.0"
"2017-04-14 00:00:00.0","79.0"
"2017-04-15 00:00:00.0","77.0"
"2017-04-16 00:00:00.0","65.0"
"2017-04-17 00:00:00.0","74.0"
"2017-04-18 00:00:00.0","75.0"
"2017-04-19 00:00:00.0","61.0"
"2017-04-20 00:00:00.0","53.0"
"2017-04-21 00:00:00.0","50.0"
"2017-04-22 00:00:00.0","62.0"
"2017-04-23 00:00:00.0","60.0"
"2017-04-24 00:00:00.0","67.0"
"2017-04-25 00:00:00.0","83.0"
"2017-04-26 00:00:00.0","63.0"
"2017-04-27 00:00:00.0","63.0"
"2017-04-28 00:00:00.0","58.0"
"2017-04-29 00:00:00.0","69.0"
"2017-04-30 00:00:00.0","79.0"
"2017-05-01 00:00:00.0","82.0"
"2017-05-02 00:00:00.0","76.0"
"2017-05-03 00:00:00.0","67.0"
"2017-05-04 00:00:00.0","71.0"
"2017-05-05 00:00:00.0","83.0"
"2017-05-06 00:00:00.0","74.0"
"2017-05-07 00:00:00.0","72.0"
"2017-05-08 00:00:00.0","65.0"
"2017-05-09 00:00:00.0","80.0"
"2017-05-10 00:00:00.0","81.0"
"2017-05-11 00:00:00.0","86.0"
"2017-05-12 00:00:00.0","86.0"
"2017-05-13 00:00:00.0","83.0"
"2017-05-14 00:00:00.0","78.0"
"2017-05-15 00:00:00.0","83.0"
"2017-05-16 00:00:00.0","77.0"
"2017-05-17 00:00:00.0","91.0"
"2017-05-18 00:00:00.0","78.0"
"2017-05-19 00:00:00.0","77.0"
"2017-05-20 00:00:00.0","76.0"
"2017-05-21 00:00:00.0","70.0"
"2017-05-22 00:00:00.0","75.0"
"2017-05-23 00:00:00.0","67.0"
"2017-05-24 00:00:00.0","60.0"
"2017-05-25 00:00:00.0","79.0"
"2017-05-26 00:00:00.0","92.0"
"2017-05-27 00:00:00.0","87.0"
"2017-05-28 00:00:00.0","87.0"
"2017-05-29 00:00:00.0","86.0"
"2017-05-30 00:00:00.0","80.0"
"2017-05-31 00:00:00.0","78.0"
"2017-06-01 00:00:00.0","82.0"
"2017-06-02 00:00:00.0","82.0"
"2017-06-03 00:00:00.0","77.0"
"2017-06-04 00:00:00.0","74.0"
"2017-06-05 00:00:00.0","85.0"
"2017-06-06 00:00:00.0","74.0"
"2017-06-07 00:00:00.0","63.0"
"2017-06-08 00:00:00.0","78.0"
"2017-06-09 00:00:00.0","75.0"
"2017-06-10 00:00:00.0","75.0"
"2017-06-11 00:00:00.0","83.0"
"2017-06-12 00:00:00.0","71.0"
"2017-06-13 00:00:00.0","84.0"
"2017-06-14 00:00:00.0","84.0"
"2017-06-15 00:00:00.0","73.0"
"2017-06-16 00:00:00.0","72.0"
"2017-06-17 00:00:00.0","67.0"
"2017-06-18 00:00:00.0","66.0"
"2017-06-19 00:00:00.0","71.0"
"2017-06-20 00:00:00.0","61.0"
"2017-06-21 00:00:00.0","74.0"
"2017-06-22 00:00:00.0","82.0"
"2017-06-23 00:00:00.0","74.0"
"2017-06-24 00:00:00.0","76.0"
"2017-06-25 00:00:00.0","75.0"
"2017-06-26 00:00:00.0","83.0"
"2017-06-27 00:00:00.0","90.0"
"2017-06-28 00:00:00.0","84.0"
"2017-06-29 00:00:00.0","85.0"
"2017-06-30 00:00:00.0","80.0"
"2017-07-01 00:00:00.0","80.0"
"2017-07-02 00:00:00.0","77.0"
"2017-07-03 00:00:00.0","67.0"
"2017-07-04 00:00:00.0","68.0"
"2017-07-05 00:00:00.0","80.0"
"2017-07-06 00:00:00.0","81.0"
"2017-07-07 00:00:00.0","84.0"
"2017-07-08 00:00:00.0","78.0"
"2017-07-09 00:00:00.0","83.0"
"2017-07-10 00:00:00.0","85.0"
"2017-07-11 00:00:00.0","79.0"
"2017-07-12 00:00:00.0","74.0"
"2017-07-13 00:00:00.0","77.0"
"2017-07-14 00:00:00.0","70.0"
"2017-07-15 00:00:00.0","66.0"
"2017-07-16 00:00:00.0","65.0"
"2017-07-17 00:00:00.0","75.0"
"2017-07-18 00:00:00.0","80.0"
"2017-07-19 00:00:00.0","82.0"
"2017-07-20 00:00:00.0","72.0"
"2017-07-21 00:00:00.0","75.0"
"2017-07-22 00:00:00.0","80.0"
"2017-07-23 00:00:00.0","80.0"
"2017-07-24 00:00:00.0","80.0"
"2017-07-25 00:00:00.0","73.0"
"2017-07-26 00:00:00.0","70.0"
"2017-07-27 00:00:00.0","85.0"
"2017-07-28 00:00:00.0","77.0"
"2017-07-29 00:00:00.0","87.0"
"2017-07-30 00:00:00.0","76.0"
"2017-07-31 00:00:00.0","73.0"
"2017-08-01 00:00:00.0","72.0"
"2017-08-02 00:00:00.0","75.0"
"2017-08-03 00:00:00.0","68.0"
"2017-08-04 00:00:00.0","90.0"
"2017-08-05 00:00:00.0","80.0"
"2017-08-06 00:00:00.0","68.0"
"2017-08-07 00:00:00.0","81.0"
"2017-08-08 00:00:00.0","73.0"
"2017-08-09 00:00:00.0","71.0"
"2017-08-10 00:00:00.0","67.0"
"2017-08-11 00:00:00.0","65.0"
"2017-08-12 00:00:00.0","68.0"
"2017-08-13 00:00:00.0","62.0"
"2017-08-14 00:00:00.0","73.0"
"2017-08-15 00:00:00.0","75.0"
"2017-08-16 00:00:00.0","73.0"
"2017-08-17 00:00:00.0","68.0"
"2017-08-18 00:00:00.0","75.0"
"2017-08-19 00:00:00.0","70.0"
"2017-08-20 00:00:00.0","57.0"
"2017-08-21 00:00:00.0","59.0"
"2017-08-22 00:00:00.0","71.0"
"2017-08-23 00:00:00.0","74.0"
"2017-08-24 00:00:00.0","75.0"
"2017-08-25 00:00:00.0","71.0"
"2017-08-26 00:00:00.0","65.0"
"2017-08-27 00:00:00.0","79.0"
"2017-08-28 00:00:00.0","80.0"
"2017-08-29 00:00:00.0","88.0"
"2017-08-30 00:00:00.0","87.0"
"2017-08-31 00:00:00.0","75.0"
"2017-09-01 00:00:00.0","71.0"
"2017-09-02 00:00:00.0","61.0"
"2017-09-03 00:00:00.0","79.0"
"2017-09-04 00:00:00.0","86.0"
"2017-09-05 00:00:00.0","79.0"
"2017-09-06 00:00:00.0","71.0"
"2017-09-07 00:00:00.0","77.0"
"2017-09-08 00:00:00.0","78.0"
"2017-09-09 00:00:00.0","80.0"
"2017-09-10 00:00:00.0","82.0"
"2017-09-11 00:00:00.0","77.0"
"2017-09-12 00:00:00.0","85.0"
"2017-09-13 00:00:00.0","81.0"
"2017-09-14 00:00:00.0","73.0"
"2017-09-15 00:00:00.0","75.0"
"2017-09-16 00:00:00.0","77.0"
"2017-09-17 00:00:00.0","79.0"
"2017-09-18 00:00:00.0","90.0"
"2017-09-19 00:00:00.0","82.0"
"2017-09-20 00:00:00.0","76.0"
"2017-09-21 00:00:00.0","88.0"
"2017-09-22 00:00:00.0","76.0"
"2017-09-23 00:00:00.0","85.0"
"2017-09-24 00:00:00.0","92.0"
"2017-09-25 00:00:00.0","79.0"
"2017-09-26 00:00:00.0","76.0"
"2017-09-27 00:00:00.0","81.0"
"2017-09-28 00:00:00.0","82.0"
"2017-09-29 00:00:00.0","87.0"
"2017-09-30 00:00:00.0","78.0"
"2017-10-01 00:00:00.0","82.0"
"2017-10-02 00:00:00.0","81.0"
"2017-10-03 00:00:00.0","78.0"
"2017-10-04 00:00:00.0","76.0"
"2017-10-05 00:00:00.0","78.0"
"2017-10-06 00:00:00.0","69.0"
"2017-10-07 00:00:00.0","60.0"
"2017-10-08 00:00:00.0","60.0"
"2017-10-09 00:00:00.0","61.0"
"2017-10-10 00:00:00.0","60.0"
"2017-10-11 00:00:00.0","72.0"
"2017-10-12 00:00:00.0","67.0"
"2017-10-13 00:00:00.0","72.0"
"2017-10-14 00:00:00.0","72.0"
"2017-10-15 00:00:00.0","58.0"
"2017-10-16 00:00:00.0","90.0"
"2017-10-17 00:00:00.0","82.0"
"2017-10-18 00:00:00.0","91.0"
"2017-10-19 00:00:00.0","93.0"
"2017-10-20 00:00:00.0","87.0"
"2017-10-21 00:00:00.0","84.0"
"2017-10-22 00:00:00.0","83.0"
"2017-10-23 00:00:00.0","81.0"
"2017-10-24 00:00:00.0","74.0"
"2017-10-25 00:00:00.0","77.0"
"2017-10-26 00:00:00.0","78.0"
"2017-10-27 00:00:00.0","73.0"
"2017-10-28 00:00:00.0","72.0"
"2017-10-29 00:00:00.0","79.0"
"2017-10-30 00:00:00.0","77.0"
"2017-10-31 00:00:00.0","68.0"
"2017-11-01 00:00:00.0","78.0"
"2017-11-02 00:00:00.0","86.0"
"2017-11-03 00:00:00.0","89.0"
"2017-11-04 00:00:00.0","90.0"
"2017-11-05 00:00:00.0","89.0"
"2017-11-06 00:00:00.0","87.0"
"2017-11-07 00:00:00.0","95.0"
"2017-11-08 00:00:00.0","92.0"
"2017-11-09 00:00:00.0","97.0"
"2017-11-10 00:00:00.0","91.0"
"2017-11-11 00:00:00.0","83.0"
"2017-11-12 00:00:00.0","93.0"
"2017-11-13 00:00:00.0","80.0"
"2017-11-14 00:00:00.0","72.0"
"2017-11-15 00:00:00.0","79.0"
"2017-11-16 00:00:00.0","86.0"
"2017-11-17 00:00:00.0","85.0"
"2017-11-18 00:00:00.0","77.0"
"2017-11-19 00:00:00.0","80.0"
"2017-11-20 00:00:00.0","84.0"
"2017-11-21 00:00:00.0","79.0"
"2017-11-22 00:00:00.0","72.0"
"2017-11-23 00:00:00.0","83.0"
"2017-11-24 00:00:00.0","96.0"
"2017-11-25 00:00:00.0","82.0"
"2017-11-26 00:00:00.0","77.0"
"2017-11-27 00:00:00.0","84.0"
"2017-11-28 00:00:00.0","88.0"
"2017-11-29 00:00:00.0","89.0"
"2017-11-30 00:00:00.0","90.0"
"2017-12-01 00:00:00.0","91.0"
"2017-12-02 00:00:00.0","88.0"
"2017-12-03 00:00:00.0","84.0"
"2017-12-04 00:00:00.0","82.0"
"2017-12-05 00:00:00.0","82.0"
"2017-12-06 00:00:00.0","84.0"
"2017-12-07 00:00:00.0","91.0"
"2017-12-08 00:00:00.0","97.0"
"2017-12-09 00:00:00.0","95.0"
"2017-12-10 00:00:00.0","92.0"
"2017-12-11 00:00:00.0","89.0"
"2017-12-12 00:00:00.0","94.0"
"2017-12-13 00:00:00.0","91.0"
"2017-12-14 00:00:00.0","93.0"
"2017-12-15 00:00:00.0","90.0"
"2017-12-16 00:00:00.0","97.0"
"2017-12-17 00:00:00.0","93.0"
"2017-12-18 00:00:00.0","94.0"
"2017-12-19 00:00:00.0","88.0"
"2017-12-20 00:00:00.0","88.0"
"2017-12-21 00:00:00.0","87.0"
"2017-12-22 00:00:00.0","88.0"
"2017-12-23 00:00:00.0","86.0"
"2017-12-24 00:00:00.0","88.0"
"2017-12-25 00:00:00.0","86.0"
"2017-12-26 00:00:00.0","93.0"
"2017-12-27 00:00:00.0","87.0"
"2017-12-28 00:00:00.0","94.0"
"2017-12-29 00:00:00.0","91.0"
"2017-12-30 00:00:00.0","80.0"
"2017-12-31 00:00:00.0","77.0"
"2018-01-01 00:00:00.0","87.0"
"2018-01-02 00:00:00.0","93.0"
"2018-01-03 00:00:00.0","95.0"
"2018-01-04 00:00:00.0","87.0"
"2018-01-05 00:00:00.0","87.0"
"2018-01-06 00:00:00.0","94.0"
"2018-01-07 00:00:00.0","91.0"
"2018-01-08 00:00:00.0","91.0"
"2018-01-09 00:00:00.0","86.0"
"2018-01-10 00:00:00.0","84.0"
"2018-01-11 00:00:00.0","84.0"
"2018-01-12 00:00:00.0","88.0"
"2018-01-13 00:00:00.0","93.0"
"2018-01-14 00:00:00.0","94.0"
"2018-01-15 00:00:00.0","93.0"
"2018-01-16 00:00:00.0","93.0"
"2018-01-17 00:00:00.0","86.0"
"2018-01-18 00:00:00.0","95.0"
"2018-01-19 00:00:00.0","88.0"
"2018-01-20 00:00:00.0","94.0"
"2018-01-21 00:00:00.0","92.0"
"2018-01-22 00:00:00.0","93.0"
"2018-01-23 00:00:00.0","87.0"
"2018-01-24 00:00:00.0","81.0"
"2018-01-25 00:00:00.0","91.0"
"2018-01-26 00:00:00.0","92.0"
"2018-01-27 00:00:00.0","97.0"
"2018-01-28 00:00:00.0","82.0"
"2018-01-29 00:00:00.0","80.0"
"2018-01-30 00:00:00.0","82.0"
"2018-01-31 00:00:00.0","95.0"
"2018-02-01 00:00:00.0","92.0"
"2018-02-02 00:00:00.0","91.0"
"2018-02-03 00:00:00.0","95.0"
"2018-02-04 00:00:00.0","90.0"
"2018-02-05 00:00:00.0","76.0"
"2018-02-06 00:00:00.0","82.0"
"2018-02-07 00:00:00.0","85.0"
"2018-02-08 00:00:00.0","86.0"
"2018-02-09 00:00:00.0","89.0"
"2018-02-10 00:00:00.0","91.0"
"2018-02-11 00:00:00.0","91.0"
"2018-02-12 00:00:00.0","87.0"
"2018-02-13 00:00:00.0","90.0"
"2018-02-14 00:00:00.0","91.0"
"2018-02-15 00:00:00.0","93.0"
"2018-02-16 00:00:00.0","94.0"
"2018-02-17 00:00:00.0","87.0"
"2018-02-18 00:00:00.0","87.0"
"2018-02-19 00:00:00.0","88.0"
"2018-02-20 00:00:00.0","79.0"
"2018-02-21 00:00:00.0","69.0"
"2018-02-22 00:00:00.0","71.0"
"2018-02-23 00:00:00.0","60.0"
"2018-02-24 00:00:00.0","67.0"
"2018-02-25 00:00:00.0","62.0"
"2018-02-26 00:00:00.0","67.0"
"2018-02-27 00:00:00.0","60.0"
"2018-02-28 00:00:00.0","93.0"
"2018-03-01 00:00:00.0","89.0"
"2018-03-02 00:00:00.0","85.0"
"2018-03-03 00:00:00.0","85.0"
"2018-03-04 00:00:00.0","78.0"
"2018-03-05 00:00:00.0","87.0"
"2018-03-06 00:00:00.0","87.0"
"2018-03-07 00:00:00.0","84.0"
"2018-03-08 00:00:00.0","82.0"
"2018-03-09 00:00:00.0","80.0"
"2018-03-10 00:00:00.0","78.0"
"2018-03-11 00:00:00.0","86.0"
"2018-03-12 00:00:00.0","79.0"
"2018-03-13 00:00:00.0","77.0"
"2018-03-14 00:00:00.0","82.0"
"2018-03-15 00:00:00.0","86.0"
"2018-03-16 00:00:00.0","86.0"
"2018-03-17 00:00:00.0","88.0"
"2018-03-18 00:00:00.0","89.0"
"2018-03-19 00:00:00.0","84.0"
"2018-03-20 00:00:00.0","76.0"
"2018-03-21 00:00:00.0","72.0"
"2018-03-22 00:00:00.0","75.0"
"2018-03-23 00:00:00.0","88.0"
"2018-03-24 00:00:00.0","82.0"
"2018-03-25 00:00:00.0","85.0"
"2018-03-26 00:00:00.0","86.0"
"2018-03-27 00:00:00.0","80.0"
"2018-03-28 00:00:00.0","85.0"
"2018-03-29 00:00:00.0","89.0"
"2018-03-30 00:00:00.0","87.0"
"2018-03-31 00:00:00.0","79.0"
"2018-04-01 00:00:00.0","60.0"
"2018-04-02 00:00:00.0","83.0"
"2018-04-03 00:00:00.0","77.0"
"2018-04-04 00:00:00.0","85.0"
"2018-04-05 00:00:00.0","73.0"
"2018-04-06 00:00:00.0","84.0"
"2018-04-07 00:00:00.0","80.0"
"2018-04-08 00:00:00.0","87.0"
"2018-04-09 00:00:00.0","83.0"
"2018-04-10 00:00:00.0","86.0"
"2018-04-11 00:00:00.0","92.0"
"2018-04-12 00:00:00.0","86.0"
"2018-04-13 00:00:00.0","89.0"
"2018-04-14 00:00:00.0","82.0"
"2018-04-15 00:00:00.0","81.0"
"2018-04-16 00:00:00.0","71.0"
"2018-04-17 00:00:00.0","68.0"
"2018-04-18 00:00:00.0","72.0"
"2018-04-19 00:00:00.0","75.0"
"2018-04-20 00:00:00.0","75.0"
"2018-04-21 00:00:00.0","81.0"
"2018-04-22 00:00:00.0","83.0"
"2018-04-23 00:00:00.0","77.0"
"2018-04-24 00:00:00.0","81.0"
"2018-04-25 00:00:00.0","78.0"
"2018-04-26 00:00:00.0","70.0"
"2018-04-27 00:00:00.0","74.0"
"2018-04-28 00:00:00.0","80.0"
"2018-04-29 00:00:00.0","91.0"
"2018-04-30 00:00:00.0","80.0"
"2018-05-01 00:00:00.0","74.0"
"2018-05-02 00:00:00.0","85.0"
"2018-05-03 00:00:00.0","72.0"
"2018-05-04 00:00:00.0","64.0"
"2018-05-05 00:00:00.0","64.0"
"2018-05-06 00:00:00.0","66.0"
"2018-05-07 00:00:00.0","72.0"
"2018-05-08 00:00:00.0","80.0"
"2018-05-09 00:00:00.0","78.0"
"2018-05-10 00:00:00.0","67.0"
"2018-05-11 00:00:00.0","85.0"
"2018-05-12 00:00:00.0","78.0"
"2018-05-13 00:00:00.0","85.0"
"2018-05-14 00:00:00.0","86.0"
"2018-05-15 00:00:00.0","78.0"
"2018-05-16 00:00:00.0","67.0"
"2018-05-17 00:00:00.0","68.0"
"2018-05-18 00:00:00.0","72.0"
"2018-05-19 00:00:00.0","63.0"
"2018-05-20 00:00:00.0","61.0"
"2018-05-21 00:00:00.0","79.0"
"2018-05-22 00:00:00.0","75.0"
"2018-05-23 00:00:00.0","76.0"
"2018-05-24 00:00:00.0","80.0"
"2018-05-25 00:00:00.0","89.0"
"2018-05-26 00:00:00.0","87.0"
"2018-05-27 00:00:00.0","78.0"
"2018-05-28 00:00:00.0","77.0"
"2018-05-29 00:00:00.0","88.0"
"2018-05-30 00:00:00.0","84.0"
"2018-05-31 00:00:00.0","81.0"
"2018-06-01 00:00:00.0","76.0"
"2018-06-02 00:00:00.0","79.0"
"2018-06-03 00:00:00.0","84.0"
"2018-06-04 00:00:00.0","92.0"
"2018-06-05 00:00:00.0","95.0"
"2018-06-06 00:00:00.0","89.0"
"2018-06-07 00:00:00.0","92.0"
"2018-06-08 00:00:00.0","87.0"
"2018-06-09 00:00:00.0","89.0"
"2018-06-10 00:00:00.0","86.0"
"2018-06-11 00:00:00.0","92.0"
"2018-06-12 00:00:00.0","84.0"
"2018-06-13 00:00:00.0","78.0"
"2018-06-14 00:00:00.0","75.0"
"2018-06-15 00:00:00.0","86.0"
"2018-06-16 00:00:00.0","77.0"
"2018-06-17 00:00:00.0","73.0"
"2018-06-18 00:00:00.0","68.0"
"2018-06-19 00:00:00.0","68.0"
"2018-06-20 00:00:00.0","77.0"
"2018-06-21 00:00:00.0","77.0"
"2018-06-22 00:00:00.0","77.0"
"2018-06-23 00:00:00.0","71.0"
"2018-06-24 00:00:00.0","76.0"
"2018-06-25 00:00:00.0","90.0"
"2018-06-26 00:00:00.0","91.0"
"2018-06-27 00:00:00.0","82.0"
"2018-06-28 00:00:00.0","85.0"
"2018-06-29 00:00:00.0","76.0"
"2018-06-30 00:00:00.0","93.0"
"2018-07-01 00:00:00.0","93.0"
"2018-07-02 00:00:00.0","91.0"
"2018-07-03 00:00:00.0","82.0"
"2018-07-04 00:00:00.0","83.0"
"2018-07-05 00:00:00.0","83.0"
"2018-07-06 00:00:00.0","82.0"
"2018-07-07 00:00:00.0","76.0"
"2018-07-08 00:00:00.0","75.0"
"2018-07-09 00:00:00.0","70.0"
"2018-07-10 00:00:00.0","72.0"
"2018-07-11 00:00:00.0","82.0"
"2018-07-12 00:00:00.0","74.0"
"2018-07-13 00:00:00.0","79.0"
"2018-07-14 00:00:00.0","84.0"
"2018-07-15 00:00:00.0","86.0"
"2018-07-16 00:00:00.0","81.0"
